,bioguide_id,AgFood,DefenseGlobal,EnergyTransport,Finance,Health,LaborEmployment
0,A000055,-0.015482758620689652,0.03732110091743118,0.02856589147286821,-0.09258041958041961,-0.0673095238095238,0.02263157894736842
1,A000210,0.020136363636363633,0.16892307692307693,-0.051022222222222226,-0.11591304347826084,0.2690833333333334,0.09175
2,A000360,0.22389473684210523,-0.12473684210526316,0.1225466666666667,-0.028277777777777773,0.03499999999999999,0.13856249999999995
3,A000361,0.004928571428571432,0.1995555555555556,-0.014149999999999996,-0.2745,0.34714285714285714,-0.06275
4,A000367,0.03216666666666667,0.009457627118644068,0.05863366336633663,-0.13667272727272725,-0.08280851063829789,0.0441875
5,A000368,0.17246153846153842,0.081,0.16449315068493153,0.15974999999999998,0.06504545454545453,0.14964705882352938
6,A000369,0.03244736842105262,0.04533027522935778,0.023050847457627123,-0.09177181208053695,-0.04483950617283951,-0.009947368421052632
7,A000370,-0.09058333333333334,-0.0026829268292682985,0.03889583333333332,0.019903846153846154,-0.02714545454545455,0.1204
8,A000371,-0.11945454545454544,-0.002931034482758625,0.0231685393258427,-0.03137168141592919,-0.03510344827586208,0.1204
9,A000372,-0.045125,-0.03744827586206897,0.10023157894736841,-0.07060344827586208,-0.06215384615384616,0.004428571428571429
10,A000373,-0.125,0.0863076923076923,0.03994594594594594,-0.01594736842105263,0.13679166666666667,-0.036000000000000004
11,A000374,-0.045125,-0.03240476190476191,0.10231578947368417,-0.07605172413793104,-0.05830645161290325,0.0454
12,A000375,0.02374999999999999,-0.08989361702127659,0.07223333333333333,-0.09771641791044774,-0.21571428571428575,0.06788888888888889
13,A000376,0.0,0.03614285714285714,0.3835,0.08499999999999999,0.5725,0.43
14,A000377,0.0,0.05688888888888889,0.3835,0.177,0.8809999999999999,0.248
15,A000378,0.0,0.026000000000000002,0.3835,0.08499999999999999,0.5725,0.43
16,B000013,-0.19361111111111107,0.245125,-0.015069767441860457,-0.19184375000000004,-0.018260869565217386,-0.0502
17,B000213,0.022135135135135126,0.044843137254901945,0.03815966386554621,-0.10594160583941606,-0.07057692307692309,-0.015588235294117644
18,B000243,0.46950000000000003,0.0,0.0,0.2806666666666667,0.0,0.005444444444444443
19,B000287,-0.15458333333333332,0.14479999999999998,0.036672413793103445,-0.004850000000000002,0.1631212121212121,-0.009857142857142858
20,B000490,-0.08816666666666666,0.048289999999999986,0.026119999999999973,-0.050777070063694245,-0.011915492957746483,0.04845454545454546
21,B000574,-0.08871874999999999,0.06831868131868131,0.02765822784810126,-0.03362096774193549,0.008725806451612897,0.04845454545454546
22,B000575,0.21427777777777773,-0.10197368421052631,0.10881578947368425,0.011095238095238076,0.0653939393939394,0.1378823529411764
23,B000589,-0.26375000000000004,-0.2465,0.12300000000000001,0.0,0.649,-0.154
24,B000711,0.38625,0.100375,0.17836363636363636,0.3672000000000001,0.14819999999999997,0.15119999999999997
25,B000755,0.014736842105263173,0.050805309734513276,0.04267716535433071,-0.09505442176870751,-0.05014285714285714,0.022368421052631583
26,B000911,-0.12216666666666669,0.16221153846153846,0.038582677165354316,-0.017147058823529415,0.17315151515151517,-0.009857142857142858
27,B000944,0.15838888888888888,-0.07125806451612904,0.2057758620689655,0.2145714285714286,0.09625806451612903,0.15119999999999997
28,B001135,0.1618125,-0.10994736842105263,0.12942465753424662,0.028954545454545424,0.07659375,0.13999999999999993
29,B001227,-0.047464285714285716,0.04975757575757575,0.021917721518987316,-0.016540983606557383,0.047589285714285744,0.03866666666666666
30,B001230,0.17249999999999996,-0.0457,0.17017460317460317,0.18988888888888894,0.06348387096774193,0.15119999999999997
31,B001236,0.21427777777777773,-0.12564102564102564,0.10348484848484846,0.0007999999999999729,0.07059375,0.1320555555555555
32,B001242,-0.13844444444444445,0.23532,-0.0018082191780822048,-0.11628205128205128,0.06015000000000005,-0.011500000000000002
33,B001243,-0.03318181818181818,-0.003480000000000015,0.06422131147540983,-0.11484671532846714,-0.05540789473684211,-0.003666666666666667
34,B001244,-0.126,-0.12375,-0.07242857142857141,-0.3294,0.34714285714285714,-0.06275
35,B001248,0.02102439024390244,0.020231481481481482,0.0666764705882353,-0.10545517241379312,-0.052682352941176465,0.0215
36,B001250,0.018861111111111092,0.035509433962264136,0.08010077519379846,-0.09082312925170069,-0.05694186046511628,0.022368421052631583
37,B001251,-0.07876,0.057568421052631574,0.02256874999999999,-0.016940740740740732,0.016892307692307682,0.04845454545454546
38,B001252,-0.029909090909090916,0.23532,-0.007948275862068964,-0.1363111111111111,-0.00423999999999997,-0.02433333333333333
39,B001255,-0.07033333333333334,0.13538095238095238,0.02418681318681318,-0.09224691358024695,0.046775510204081626,-0.016454545454545458
40,B001256,0.15617391304347827,0.2021739130434783,-0.02179545454545455,-0.19803225806451616,-0.012952380952380946,-0.0502
41,B001257,-0.02835714285714285,0.03336206896551723,0.06724087591240874,-0.09098675496688746,-0.033176470588235314,0.0215
42,B001259,-0.1724375,0.26740909090909093,-0.006733333333333332,-0.10975675675675675,0.0646818181818182,-0.011500000000000002
43,B001260,-0.027382352941176472,0.02671698113207546,0.036235772357723586,-0.08880141843971634,-0.0476,0.0215
44,B001261,0.09376923076923074,-0.1450810810810811,0.10685915492957747,-0.02884210526315791,0.0592258064516129,0.1320555555555555
45,B001262,0.07486363636363634,-0.03535714285714286,-0.0682439024390244,-0.20463333333333336,-0.24384615384615388,0.16949999999999998
46,B001265,0.34687499999999993,0.10733333333333334,0.141875,0.3672000000000001,0.22974999999999998,0.09899999999999999
47,B001267,0.14465,-0.14876923076923076,0.16496969696969693,0.024692307692307704,0.0720909090909091,0.1667857142857143
48,B001269,-0.019970588235294136,0.07129670329670332,0.021564102564102565,-0.09779136690647484,-0.03760256410256409,-0.003666666666666667
49,B001270,-0.12148148148148147,0.06617894736842105,0.021538961038961024,-0.006849206349206356,0.01562121212121213,0.04845454545454546
50,B001271,-0.02047826086956522,0.12625757575757574,0.04108910891089109,-0.08663414634146344,0.0711372549019608,-0.016454545454545458
51,B001273,0.018170731707317082,0.043615384615384604,0.06509302325581393,-0.10817322834645669,-0.002552238805970145,0.007999999999999998
52,B001274,-0.02287499999999999,0.03651960784313725,0.039962962962962964,-0.11346212121212118,-0.07089393939393941,0.04557894736842106
53,B001275,0.02308333333333333,0.03714529914529914,0.028877049180327873,-0.09035526315789476,-0.06120689655172414,0.0215
54,B001277,0.11455555555555552,-0.11572222222222221,0.1914745762711864,0.20825000000000005,0.0765,0.15119999999999997
55,B001278,-0.13651724137931034,0.055339449541284405,0.02573214285714283,-0.0029076923076923147,0.025515151515151543,0.04845454545454546
56,B001279,-0.11853846153846154,0.2150416666666667,-0.003242857142857148,-0.125953488372093,-0.06912000000000001,-0.011500000000000002
57,B001280,0.029185185185185182,0.0818888888888889,0.004372093023255821,-0.19184375000000004,-0.04913636363636364,-0.0502
58,B001281,-0.011344827586206897,0.060831775700934586,0.024662576687116557,-0.042168918918918906,0.06186363636363638,0.04845454545454546
59,B001282,-0.02056756756756757,0.03470085470085468,0.061065217391304334,-0.09883333333333334,-0.045337078651685396,0.0215
60,B001283,0.02657142857142857,0.05379166666666666,-0.00792999999999999,-0.1226530612244898,-0.07930357142857143,0.018125
61,B001284,-0.010243243243243267,0.04431092436974791,0.033426356589147284,-0.08955921052631582,-0.04560465116279069,0.0215
62,B001285,-0.138,0.05548148148148149,0.015829411764705877,-0.047769736842105254,-0.00882051282051281,0.04845454545454546
63,B001286,-0.08145833333333331,0.05915454545454546,0.014279329608938551,-0.05766037735849054,-0.025879518072289154,0.0656
64,B001287,-0.0952962962962963,0.051140350877192986,0.011126436781609192,-0.066,-0.039873563218390806,0.02758333333333333
65,B001288,0.055250000000000014,-0.04861538461538462,0.21285714285714283,0.20825000000000005,0.0765,0.15119999999999997
66,B001289,-0.054888888888888904,0.014181818181818172,0.046989795918367334,-0.07788805970149254,-0.0673972602739726,0.0425625
67,B001290,-0.0015999999999999923,-0.07018666666666667,0.08121505376344085,-0.10106306306306306,-0.10060714285714285,0.014230769230769233
68,B001291,0.0007692307692307614,-0.05051219512195122,0.1028387096774193,-0.07560344827586209,-0.0827258064516129,0.004428571428571429
69,B001292,-0.070875,0.004904761904761899,0.035787234042553163,-0.03039047619047618,-0.016388888888888897,0.1204
70,B001293,-0.04966666666666667,0.004012345679012342,0.0350886075949367,-0.07031304347826087,-0.04841818181818184,0.014230769230769233
71,B001294,-0.00716666666666667,0.011279999999999998,0.10588636363636357,-0.08833913043478261,-0.04742622950819672,0.0035714285714285726
72,B001295,-0.04966666666666667,-0.013559139784946238,0.03918518518518519,-0.06561666666666667,-0.05558730158730159,0.0454
73,B001296,-0.043250000000000004,-0.002800000000000003,0.03604166666666666,-0.03697142857142856,-0.0030851063829787167,0.1204
74,B001297,-0.06157142857142857,-0.06274712643678161,0.08475824175824173,-0.095196261682243,-0.079375,0.04864285714285715
75,B001298,0.02374999999999999,-0.07062264150943395,0.009399999999999997,-0.09040277777777778,-0.21571428571428575,0.06788888888888889
76,B001299,0.07768749999999996,-0.07235185185185185,0.036499999999999984,-0.11688405797101449,-0.2004545454545455,0.06788888888888889
77,B001300,-0.06100000000000001,-0.0741,0.0006756756756756763,8.771929824561022e-05,-0.15485714285714283,0.1505
78,B001301,-0.020454545454545458,-0.07235185185185185,0.0048999999999999955,-0.09040277777777778,-0.21038235294117644,0.06788888888888889
79,B001302,0.026230769230769203,-0.04142105263157894,0.04999999999999999,-0.12210344827586207,-0.15005263157894738,-0.0009999999999999992
80,B001303,-0.04880000000000001,-0.06675510204081632,-0.01036111111111111,-0.04702985074626864,-0.16684374999999999,0.1505
81,B001304,0.16,-0.0614423076923077,-0.01581578947368421,-0.021516129032258066,-0.1611515151515151,0.1505
82,B001305,0.029142857142857127,-0.07915686274509803,0.027266666666666654,-0.11332352941176471,-0.23108571428571426,0.06788888888888889
83,B001306,0.39899999999999997,-0.06547368421052632,-0.06280000000000005,0.07369999999999999,-0.041400000000000006,0.248
84,B001307,0.0,0.038375000000000006,0.3835,0.0885,0.8809999999999999,0.248
85,B001308,0.0,0.002818181818181821,0.3835,0.08499999999999999,0.5725,0.43
86,B001309,0.0,0.008142857142857143,0.3835,0.0885,0.8809999999999999,-0.12300000000000001
87,B001310,0.0,-0.366,0.0,0.0,0.0,0.0
88,C000059,0.010085714285714283,0.04394166666666667,0.022453846153846158,-0.0875935483870968,-0.04309302325581396,0.0215
89,C000071,0.06915789473684213,0.23532,0.0261304347826087,-0.19184375000000004,-0.018260869565217386,-0.0502
90,C000127,0.1797894736842105,-0.11017142857142859,0.18090322580645157,0.28571428571428575,0.0765,0.15119999999999997
91,C000141,0.16705555555555554,-0.1116388888888889,0.19562711864406776,0.20825000000000005,0.0765,0.15119999999999997
92,C000174,0.1922,-0.13817142857142856,0.15796491228070172,0.013083333333333336,0.08268965517241379,0.15119999999999997
93,C000266,0.025288888888888892,0.032452991452991437,0.0639782608695652,-0.10112582781456955,-0.039738636363636365,0.0215
94,C000286,0.49475,0.0,0.12844444444444447,0.27375,0.24,0.22833333333333336
95,C000537,-0.028125,0.051980952380952364,0.030286624203821628,-0.016277372262773714,0.03889393939393941,0.04845454545454546
96,C000542,0.2976666666666666,0.05892857142857144,0.14102597402597405,0.1764285714285714,0.033249999999999974,0.1938333333333333
97,C000556,0.0389,0.1936842105263158,0.030026315789473686,-0.1975862068965518,-0.050095238095238095,-0.0502
98,C000560,0.38125000000000003,0.0,-0.055285714285714285,0.08220000000000001,0.0,0.04200000000000001
99,C000567,0.28863636363636364,0.010727272727272736,0.12986486486486487,0.01752631578947367,0.0642142857142857,0.09650000000000002
100,C000714,-0.16995454545454544,0.12412307692307695,0.031744827586206885,0.001494252873563218,0.09202564102564104,0.013624999999999996
101,C000754,-0.003428571428571436,0.054063063063063056,0.020335329341317366,-0.06192356687898088,-0.027871794871794864,0.068
102,C000880,0.1323333333333333,-0.13937837837837838,0.0838153846153846,-0.0074000000000000125,0.05303225806451612,0.1320555555555555
103,C000984,-0.06632142857142857,0.08098924731182797,0.02862499999999997,0.011490740740740734,0.07132258064516132,0.04845454545454546
104,C001035,0.18164285714285708,-0.11812195121951222,0.13746153846153847,0.011095238095238076,0.03947058823529409,0.0960454545454545
105,C001036,-0.20786956521739133,0.14460714285714285,0.03427199999999998,-0.015935897435897444,0.1634615384615385,-0.009857142857142858
106,C001037,-0.04366666666666668,0.05143956043956044,0.0240128205128205,-0.012245614035087726,-0.030555555555555544,-0.036333333333333336
107,C001038,-0.11166666666666664,0.05560215053763443,0.03480536912751676,-0.030547619047619042,0.013983333333333351,0.013624999999999996
108,C001045,-0.10014285714285713,0.13909090909090913,0.026968421052631582,-0.09485185185185188,0.06976923076923078,-0.016454545454545458
109,C001046,0.030749999999999972,0.2383913043478261,0.02037142857142858,-0.15761904761904763,-0.009714285714285707,-0.0502
110,C001047,-0.03818518518518522,0.005508771929824547,0.07676991150442479,-0.15332558139534883,0.004060000000000003,0.054937500000000014
111,C001048,0.029804878048780497,0.04019587628865978,0.04941860465116279,-0.09462937062937066,-0.064825,-0.003666666666666667
112,C001049,-0.016750000000000008,0.06511538461538462,0.02239506172839505,-0.020659420289855072,0.006714285714285732,0.04845454545454546
113,C001051,0.007709677419354826,0.04596521739130435,0.05998373983739836,-0.08464137931034485,-0.04936708860759495,-0.006500000000000001
114,C001053,-0.048064516129032266,0.04396638655462185,0.028415254237288134,-0.09234,-0.05068181818181817,0.0215
115,C001055,0.0,0.026000000000000002,0.3835,0.08499999999999999,0.5725,0.43
116,C001056,0.03564285714285712,-0.12305263157894737,0.09821126760563378,0.02252380952380951,0.05853125,0.13999999999999993
117,C001059,-0.14604347826086955,0.0295943396226415,0.02181690140845071,-0.05877027027027027,-0.013133333333333323,0.08055555555555555
118,C001061,-0.07285,0.05108490566037735,0.025432098765432072,-0.008253731343283584,-0.004437499999999995,0.04845454545454546
119,C001062,-0.03844827586206896,0.027017391304347816,0.07147794117647056,-0.11222448979591837,-0.06476470588235295,0.0215
120,C001063,-0.0874,0.04562280701754386,0.02244186046511628,-0.07344270833333333,-0.03339285714285714,0.042777777777777776
121,C001064,0.14555555555555555,0.19091666666666665,-0.10059090909090909,-0.12607692307692306,0.07464285714285719,-0.06275
122,C001066,-0.10833333333333332,0.0555462962962963,0.02804374999999998,-0.020321428571428577,0.036787878787878814,0.10985714285714285
123,C001067,-0.0725862068965517,0.07067619047619048,0.03021935483870965,-0.0067580645161290425,0.02724615384615386,0.04845454545454546
124,C001068,-0.060892857142857144,0.06357943925233644,0.026646341463414613,-0.004721804511278199,0.00992957746478875,0.04845454545454546
125,C001069,-0.118125,0.05404504504504505,0.02132298136645962,-0.034140845070422525,-0.0003698630136986244,0.04845454545454546
126,C001070,0.13984999999999997,-0.12943243243243244,0.16434375,0.27171428571428574,0.08090322580645161,0.1986153846153846
127,C001071,0.12286666666666667,-0.056535714285714286,0.09341791044776118,-0.03599999999999999,0.08165384615384616,0.13917647058823523
128,C001072,-0.0844642857142857,0.06199999999999999,0.037243902439024375,-0.018007194244604317,0.015788732394366203,0.04845454545454546
129,C001075,-0.04029032258064516,-0.013166666666666691,0.06860550458715593,-0.17888372093023255,0.018905660377358482,0.054937500000000014
130,C001076,-0.037303030303030296,0.09778124999999999,0.06591964285714287,-0.09657446808510639,0.02946774193548387,-0.0019375
131,C001077,-0.002358974358974355,0.03911926605504587,0.058343065693430674,-0.09620805369127518,-0.051151162790697674,-0.003666666666666667
132,C001078,-0.07527586206896551,0.05643243243243243,0.018295857988165676,-0.054869281045751596,-0.006592105263157889,0.04845454545454546
133,C001080,-0.12399999999999999,0.055394495412844025,0.028048484848484823,0.0011093749999999936,0.038985074626865686,0.04845454545454546
134,C001083,-0.12396000000000001,0.15117241379310345,0.008024793388429749,-0.047811764705882345,0.04572972972972976,-0.011500000000000002
135,C001084,-0.08693333333333332,0.03942452830188678,0.02260606060606059,-0.009166666666666677,0.01822857142857144,0.0533
136,C001087,-0.047931034482758636,0.026108108108108093,0.021536585365853667,-0.0950068493150685,-0.024085365853658537,-0.011055555555555556
137,C001088,0.2332222222222222,-0.13495,0.1719310344827586,-0.07575,0.0765,0.15119999999999997
138,C001090,-0.09783870967741932,0.048418181818181825,0.02756626506024094,-0.018100719424460426,0.014724637681159433,0.0969
139,C001091,-0.10253846153846152,0.05247169811320756,0.03973456790123455,-0.014410852713178301,0.026714285714285732,0.04845454545454546
140,C001092,-0.012454545454545468,0.03554867256637167,0.031912,-0.08955921052631582,-0.04508045977011493,0.022105263157894732
141,C001093,0.021540540540540543,0.01637272727272726,0.06344029850746269,-0.09566,-0.028658227848101264,0.0215
142,C001094,0.06589189189189189,0.04375652173913044,0.010854838709677425,-0.09134868421052633,-0.03865517241379311,0.030736842105263156
143,C001095,0.09210714285714292,-0.013931034482758642,0.048775510204081635,-0.17982222222222224,-0.005979166666666664,0.054937500000000014
144,C001096,-0.09049999999999998,0.01011965811965812,0.02656557377049181,-0.09494366197183098,-0.052616438356164384,0.00035294117647058853
145,C001097,-0.12496296296296296,0.04996296296296299,0.01862874251497005,-0.04184137931034481,0.03422727272727273,0.04845454545454546
146,C001098,-0.03824999999999999,-0.16953846153846155,0.036047619047619044,0.0215,0.05969999999999999,0.09418750000000001
147,C001099,0.341625,0.0,0.0,0.0,0.0,0.0
148,C001100,0.632,0.0,0.0,0.0,0.0,0.0
149,C001101,-0.0938,0.04428571428571427,0.04952941176470586,0.014607142857142858,0.009677966101694913,0.10033333333333333
150,C001102,-0.12533333333333332,0.023783783783783773,0.08674285714285715,-0.07379999999999999,0.13732258064516129,0.011199999999999998
151,C001103,-0.012624999999999994,-0.02550561797752809,0.06142352941176469,-0.07206956521739132,-0.041230769230769244,0.05566666666666667
152,C001105,-0.045125,-0.007746835443037973,0.02394805194805195,-0.06450862068965516,-0.08779999999999999,0.014230769230769233
153,C001106,-0.09346153846153846,-0.02246428571428572,0.024278481012658223,-0.07180357142857144,-0.0629344262295082,-0.0038333333333333323
154,C001107,-0.018090909090909102,-0.013357142857142856,0.03535294117647056,-0.06512844036697248,-0.05280357142857143,0.014230769230769233
155,C001108,0.04421428571428572,-0.057555555555555554,0.019645161290322576,-0.08925333333333334,-0.1945,0.06788888888888889
156,C001109,0.014384615384615381,-0.0667872340425532,0.053599999999999995,-0.10844117647058824,-0.23108571428571426,0.06788888888888889
157,C001110,-0.04880000000000001,-0.07216363636363635,0.003710526315789474,-0.0849,-0.1915897435897436,0.05099999999999999
158,C001111,-0.04880000000000001,-0.06884,0.003805555555555556,-0.034412698412698416,-0.16269444444444442,0.1505
159,C001112,-0.04880000000000001,-0.06619230769230769,0.0006756756756756763,-0.05892424242424243,-0.16797142857142852,0.1505
160,C001113,-0.06675,-0.25433333333333336,-0.4073333333333333,0.4,0.027909090909090915,0.0
161,C001114,0.044333333333333315,-0.07467567567567568,0.013062499999999998,-0.09204444444444446,-0.26377272727272727,0.248
162,C001115,0.24,-0.09047619047619049,-0.3603333333333334,0.10849999999999997,-0.011666666666666678,0.248
163,C001117,0.0,0.0018750000000000017,0.3835,0.08499999999999999,0.5725,0.43
164,C001118,0.0,0.008142857142857143,0.305,0.0,0.8809999999999999,0.248
165,C001119,0.0,0.026000000000000002,0.3835,0.08499999999999999,0.5725,0.43
166,C001120,0.0,0.05688888888888889,0.3835,0.0885,0.8809999999999999,0.248
167,C001121,0.0,0.02888888888888889,0.3835,0.08499999999999999,0.5725,0.43
168,C001122,0.0,0.002818181818181821,0.3835,0.08499999999999999,0.5725,0.43
169,C001123,0.0,0.026000000000000002,0.3835,0.08499999999999999,0.5725,0.43
170,C001124,0.0,0.001666666666666668,0.3835,0.08499999999999999,0.5725,0.43
171,D000096,-0.1260967741935484,0.07174725274725273,0.018296774193548384,-0.009486956521739129,0.07503389830508478,0.04845454545454546
172,D000191,-0.1383793103448276,0.05727358490566037,0.017631944444444436,-0.019179104477611942,-0.015044117647058803,0.04845454545454546
173,D000197,-0.1489230769230769,0.044065420560747644,0.019532467532467533,-0.01939097744360902,0.03850000000000002,0.04845454545454546
174,D000216,-0.12753571428571428,0.05346728971962617,0.022890322580645158,-0.0191969696969697,0.019000000000000006,0.04845454545454546
175,D000355,-0.15349999999999997,0.25578260869565217,-0.0038064516129032353,-0.08187096774193547,0.3641818181818182,0.111
176,D000399,-0.03580555555555556,0.07283809523809523,0.022687116564417176,0.0013129770992366403,0.04586153846153846,0.04845454545454546
177,D000482,-0.06614285714285714,0.05898113207547169,0.024852760736196286,-0.021477611940298503,0.03115714285714286,0.0969
178,D000533,0.07374358974358976,0.023078947368421057,0.05737142857142856,-0.10471942446043164,-0.076625,-0.003882352941176471
179,D000563,0.1795,-0.07528571428571429,0.17668333333333333,0.20825000000000005,0.08886666666666666,0.15119999999999997
180,D000598,-0.15128571428571427,0.05000892857142858,0.02426946107784429,-0.029225352112676052,0.032142857142857154,0.04845454545454546
181,D000600,-0.047214285714285716,0.02789655172413792,0.035135593220338976,-0.09462000000000001,-0.04265882352941176,0.03195238095238095
182,D000604,-0.12914285714285714,0.08324210526315792,0.04701550387596899,-0.10887500000000001,-0.0049692307692307544,-0.003666666666666667
183,D000607,0.16375,-0.059500000000000004,0.1753174603174603,0.024692307692307704,0.07275,0.14587499999999998
184,D000610,-0.07920833333333333,0.04717431192660552,0.028668749999999965,-0.004564516129032254,0.02377941176470591,0.0969
185,D000612,-0.0828148148148148,0.06582828282828285,0.02250847457627119,-0.10261805555555556,-0.05238749999999999,-0.003666666666666667
186,D000613,-0.13,0.06658974358974358,0.052549019607843125,-0.01807843137254902,0.1572727272727273,0.011666666666666667
187,D000614,-0.04052777777777779,0.038640776699029114,0.05389473684210526,-0.10686111111111114,-0.03387804878048781,0.0215
188,D000615,0.038833333333333345,0.00997142857142856,0.04166153846153845,-0.12100000000000001,-0.07854166666666668,0.04557894736842106
189,D000616,0.08907894736842108,0.022438775510204085,0.06484,-0.10877777777777779,-0.07417948717948718,-0.003882352941176471
190,D000617,-0.0938846153846154,0.03699999999999999,0.012092485549132951,-0.05154901960784311,-0.007324675324675318,0.04845454545454546
191,D000618,-0.06703030303030304,-0.009451612903225815,0.0649090909090909,-0.16713953488372094,0.02309433962264151,0.054937500000000014
192,D000619,-0.08393548387096773,0.0410344827586207,0.030140625,-0.08261333333333336,-0.05095348837209302,0.018736842105263156
193,D000620,-0.05606060606060606,0.05926470588235295,0.002521212121212126,-0.07424840764331207,-0.017652777777777774,-0.036333333333333336
194,D000621,0.013477272727272728,0.0528953488372093,0.05592125984251968,-0.10438297872340427,-0.047837837837837835,-0.003666666666666667
195,D000622,-0.05939130434782609,0.03874666666666668,0.02403361344537813,-0.054481481481481485,0.09558,-0.011500000000000002
196,D000623,-0.0938,0.006430232558139529,0.04265591397849461,0.03012631578947369,-0.009759999999999984,0.1204
197,D000624,-0.04422222222222223,0.0009156626506024031,0.03492307692307691,0.010770833333333332,-0.008924528301886784,0.1204
198,D000625,-0.08171428571428573,-0.0030875000000000026,0.03340298507462686,-0.0672843137254902,-0.12367857142857143,-0.01490909090909091
199,D000626,0.02071428571428572,-0.048549999999999996,0.002918918918918917,-0.09888749999999999,-0.15565714285714286,0.04253846153846154
200,D000627,-0.04880000000000001,-0.061714285714285715,-0.010657142857142856,-0.017666666666666667,-0.14752941176470585,0.1505
201,D000628,-0.020454545454545458,-0.08073076923076924,0.036499999999999984,-0.09301408450704225,-0.23108571428571426,0.06788888888888889
202,D000629,0.0,0.026000000000000002,0.3835,0.08499999999999999,0.5725,0.43
203,D000630,0.0,0.026000000000000002,0.3835,0.08499999999999999,0.5725,0.43
204,D000631,0.0,0.001666666666666668,0.3835,0.08499999999999999,0.5725,0.43
205,E000172,0.0,0.0,0.0,0.0,0.782,0.0
206,E000179,-0.13562499999999997,0.057759615384615395,0.024445161290322558,-0.023279999999999995,0.013328125000000012,0.04845454545454546
207,E000215,-0.12534615384615383,0.05589423076923077,0.024283950617283945,-0.02034814814814815,0.019676470588235313,0.04845454545454546
208,E000285,0.1416875,-0.15472222222222223,0.10652631578947373,-0.02884210526315791,0.028374999999999997,0.13856249999999995
209,E000288,-0.1444642857142857,0.11477108433734942,0.02655629139072846,-0.006462264150943395,0.11376470588235295,-0.025500000000000002
210,E000290,-0.11567999999999999,0.15625454545454548,0.036196721311475395,-0.004304347826086956,0.22491176470588237,-0.009857142857142858
211,E000291,-0.06240909090909092,0.15026785714285715,0.004062500000000005,-0.09703896103896106,0.09620408163265305,-0.016454545454545458
212,E000292,-0.12150000000000001,0.21075,-0.010430555555555573,-0.09669444444444443,0.006500000000000031,0.07339999999999999
213,E000293,-0.04607142857142858,0.05592079207920793,0.02007878787878786,-0.059553333333333305,-0.027289473684210523,-0.036333333333333336
214,E000294,-0.04966666666666667,-0.01190322580645162,0.060220930232558124,-0.06561666666666667,-0.041622950819672135,0.0454
215,E000295,-0.1418888888888889,-0.1235,0.128830985915493,-0.11092857142857142,0.04020689655172413,0.10272727272727276
216,E000296,0.12775,-0.046407407407407404,-0.008432432432432432,-0.006451612903225811,-0.12175757575757573,0.1505
217,E000297,-0.04880000000000001,-0.06990566037735849,-0.010484848484848486,0.029740740740740738,-0.13983870967741932,0.1505
218,E000298,0.05515384615384616,-0.08104166666666668,0.018035714285714287,-0.08453846153846153,-0.2052857142857143,0.11524999999999999
219,E000299,0.0,0.001666666666666668,0.3835,0.08499999999999999,0.5725,0.43
220,F000030,-0.17604761904761904,0.15992727272727272,0.036515624999999996,-0.017285714285714283,0.12227272727272728,-0.009857142857142858
221,F000043,-0.09147999999999999,0.14244897959183672,0.04353508771929824,-0.0465,0.16670000000000004,0.07339999999999999
222,F000062,0.19580952380952385,-0.09871428571428571,0.1674,0.20825000000000005,0.0765,0.15119999999999997
223,F000372,-0.02460526315789473,0.06314285714285715,0.012279661016949151,-0.0966,-0.054166666666666655,-0.003666666666666667
224,F000444,0.14309999999999995,-0.06858620689655172,0.08350819672131148,0.0036499999999999823,0.06503124999999998,0.10678947368421052
225,F000445,0.025250000000000012,0.10898333333333333,0.09095000000000003,-0.093974025974026,0.048125,-0.016454545454545458
226,F000448,0.04203846153846152,0.09016438356164382,0.04825641025641026,-0.09151428571428577,-0.0004067796610169589,-0.0041764705882352945
227,F000449,-0.0846,0.045103448275862074,0.05181159420289854,-0.09131333333333336,-0.072,0.0215
228,F000450,0.020681818181818183,0.02346491228070174,0.04815555555555555,-0.12238888888888891,-0.11586585365853658,0.0215
229,F000451,-0.12128000000000001,0.14343750000000002,0.050480769230769225,-0.08361038961038962,0.049139999999999996,-0.03799999999999999
230,F000454,-0.06407692307692309,0.054870370370370375,0.028695121951219493,-0.05573376623376621,-0.008972972972972955,0.05133333333333333
231,F000455,-0.01672413793103449,0.055639175257731946,0.033429487179487155,-0.021962406015037586,0.03670149253731345,0.04845454545454546
232,F000456,0.09304545454545456,0.07290909090909091,0.04283673469387756,-0.10546835443037976,0.041120000000000004,-0.016454545454545458
233,F000457,0.2506,0.04489473684210527,0.1939180327868852,0.1808571428571429,0.06796296296296295,0.15119999999999997
234,F000458,-0.04870588235294116,0.08308510638297872,0.049349397590361437,-0.12662500000000004,0.043,-0.029285714285714286
235,F000459,0.016090909090909097,0.032660869565217375,0.06534558823529409,-0.0904248366013072,-0.03745454545454548,0.0215
236,F000460,0.01960869565217389,0.04372413793103447,0.0717421875,-0.12476984126984125,0.007507462686567163,-0.003666666666666667
237,F000461,-0.005461538461538471,0.034207207207207185,0.061717557251908375,-0.09622602739726031,-0.04993827160493826,0.0215
238,F000462,-0.07583999999999999,0.04926666666666667,0.022708074534161477,-0.01730894308943089,0.01709375000000002,0.0969
239,F000463,0.16849999999999998,-0.13278947368421054,0.11218421052631579,0.0007999999999999729,0.038866666666666654,0.1320555555555555
240,F000464,-0.008499999999999997,-0.10043181818181819,-0.021814814814814815,-0.10092647058823528,-0.25054545454545457,0.01642857142857143
241,F000465,0.02374999999999999,-0.061980769230769235,0.03767741935483869,-0.09040277777777778,-0.22466666666666665,-0.0009999999999999992
242,F000466,-0.01671428571428572,-0.07235185185185185,0.008166666666666666,-0.08830555555555555,-0.21791666666666665,0.07611111111111112
243,F000467,0.0,0.0011111111111111122,0.3835,0.08499999999999999,0.5725,0.43
244,F000468,0.0,0.001666666666666668,0.3835,0.08499999999999999,0.5725,0.43
245,F000469,0.0,0.038375000000000006,0.3835,0.0885,0.8809999999999999,0.248
246,G000289,0.045628571428571435,0.022392156862745087,0.060861313868613105,-0.09166666666666667,-0.06464634146341465,-0.003666666666666667
247,G000359,0.3262,-0.12331428571428571,0.11961904761904762,0.03684999999999997,0.05999999999999999,0.13999999999999993
248,G000377,0.014250000000000002,0.05453211009174315,0.035487179487179485,-0.0846713286713287,-0.054177215189873396,-0.0118125
249,G000386,0.13121052631578942,-0.14208108108108108,0.11426250000000002,0.0007999999999999729,0.038866666666666654,0.09572222222222222
250,G000410,-0.07026923076923078,0.05499999999999999,0.020038961038961033,-0.028766917293233087,0.0206769230769231,-0.036333333333333336
251,G000535,-0.10612499999999997,0.08434615384615386,0.024879699248120297,-0.018284090909090916,-0.024187499999999973,-0.036333333333333336
252,G000546,-0.01696666666666667,0.0385233644859813,0.011794642857142865,-0.08616666666666668,-0.060675324675324674,0.016777777777777777
253,G000548,0.008032258064516136,0.06644642857142857,0.05206,-0.10389473684210529,0.027591836734693873,0.025500000000000002
254,G000549,-0.031055555555555545,0.2299090909090909,0.0009069767441860483,-0.19184375000000004,-0.018260869565217386,-0.0502
255,G000550,0.015749999999999997,0.2113636363636364,-0.01249999999999999,-0.18992307692307694,-0.058409090909090904,-0.0502
256,G000551,-0.11431999999999996,0.04580232558139533,0.03122875816993463,-0.01675,0.026843137254901995,0.0969
257,G000552,0.07234374999999998,0.004215053763440858,0.012471074380165295,-0.12207812499999998,-0.052086956521739135,0.04557894736842106
258,G000553,-0.0776551724137931,0.05540566037735849,0.0224767441860465,-0.008810218978102191,0.06778461538461542,0.04845454545454546
259,G000555,0.07073333333333333,-0.07355555555555554,0.20161403508771925,0.20825000000000005,0.09396666666666667,0.15119999999999997
260,G000556,-0.13033333333333333,0.11922916666666665,0.06152941176470589,-0.005645161290322582,0.173921052631579,-0.009857142857142858
261,G000558,-0.00032500000000000584,0.03645299145299143,0.06321167883211674,-0.09280132450331127,-0.05823255813953488,0.02263157894736842
262,G000559,-0.052448275862068974,0.054009523809523806,0.03088439306358379,-0.034244604316546745,-0.0013733333333333078,0.09333333333333332
263,G000560,0.013295454545454553,-0.006472222222222222,0.06542222222222221,-0.09229801324503313,-0.09450617283950619,-0.009947368421052632
264,G000562,-0.038137931034482764,0.024568965517241373,0.07095454545454545,-0.16653488372093025,-0.003499999999999998,0.06886666666666667
265,G000563,-0.020218750000000008,0.03396521739130433,0.0402142857142857,-0.09219078947368423,-0.03747058823529412,0.0215
266,G000564,-0.11830434782608694,0.12134999999999999,0.029642857142857134,-0.08829761904761906,0.06729411764705884,-0.02511111111111111
267,G000565,0.04531578947368422,0.02424731182795699,0.034462809917355355,-0.10723846153846156,-0.03674647887323944,-0.017055555555555556
268,G000566,0.027439024390243892,0.0400978260869565,0.0531869918699187,-0.11311851851851852,-0.04369620253164558,-0.003666666666666667
269,G000567,0.0548,0.21669565217391304,0.009177777777777785,-0.19803225806451616,0.00581818181818182,-0.0502
270,G000568,-0.021235294117647064,0.024780952380952372,0.060059259259259236,-0.09990647482014388,-0.030487804878048787,0.029105263157894735
271,G000569,-0.09275,0.23532,0.02939473684210527,-0.20143333333333338,0.009285714285714307,-0.436
272,G000570,-0.13,0.082425,0.06705555555555553,-0.05453488372093024,0.1395862068965517,0.014000000000000002
273,G000571,-0.025677419354838703,0.07910101010101012,0.021473372781065078,-0.022954545454545443,-0.0508923076923077,0.04845454545454546
274,G000572,-0.031083333333333334,0.245125,-0.013968750000000002,-0.1283953488372093,0.046260869565217425,-0.011500000000000002
275,G000573,-0.06576470588235295,0.23532,-0.005246575342465757,-0.13670454545454547,0.02972000000000003,-0.011500000000000002
276,G000574,-0.09727272727272727,0.0004999999999999939,0.03969473684210524,0.01811578947368421,-0.025254545454545453,0.1204
277,G000575,-0.0874,0.08227499999999999,0.05460317460317459,-0.017249999999999998,0.13679166666666667,0.0
278,G000576,0.006777777777777784,-0.020355555555555557,0.019589743589743584,-0.08574774774774775,-0.06903174603174603,0.0454
279,G000577,-0.017222222222222222,-0.014934782608695654,0.06654022988505746,-0.06243965517241379,-0.036777777777777805,0.0454
280,G000578,0.002600000000000003,-0.07022222222222221,0.03767741935483869,-0.09233333333333332,-0.1400740740740741,0.09175
281,G000579,0.026230769230769217,-0.07230188679245282,0.036499999999999984,-0.1334285714285714,-0.22466666666666665,0.06788888888888889
282,G000580,0.010692307692307675,-0.06495121951219512,-0.011967741935483878,-0.12262745098039217,-0.10669999999999999,0.052833333333333336
283,G000581,-0.05640000000000002,-0.04068000000000001,0.0028648648648648646,-0.06213235294117645,-0.1234,0.1505
284,G000583,-0.036833333333333336,-0.07791071428571429,0.0078000000000000005,-0.0908170731707317,-0.16289743589743588,0.24166666666666667
285,G000584,0.01916666666666667,-0.07921739130434782,0.011304347826086957,-0.10068421052631579,-0.25742857142857145,0.09800000000000002
286,G000585,-0.04880000000000001,-0.0764888888888889,-0.017896551724137934,0.02632558139534883,-0.16119999999999998,0.24566666666666667
287,G000586,0.0,0.001666666666666668,0.3835,0.08499999999999999,0.5725,0.43
288,G000587,0.0,0.001666666666666668,0.3835,0.08499999999999999,0.5725,0.43
289,G000588,0.0,0.05688888888888889,0.3835,0.08499999999999999,0.8809999999999999,0.248
290,G000589,0.0,0.05688888888888889,0.3835,0.0885,0.8809999999999999,0.248
291,G000590,0.0,0.05688888888888889,0.3835,0.0,0.0,0.248
292,G000591,0.0,0.05688888888888889,0.3835,0.0885,0.8809999999999999,0.248
293,G000592,0.0,0.026000000000000002,0.3835,0.08499999999999999,0.5725,0.43
294,H000067,0.02039999999999999,0.245125,-0.012444444444444432,-0.22737037037037042,-0.010863636363636351,-0.0502
295,H000206,0.46950000000000003,0.10733333333333334,0.21550000000000002,0.30375,0.22974999999999998,0.076
296,H000324,-0.08361538461538463,0.07607070707070707,0.03624358974358972,-0.04030468749999998,0.02638095238095241,0.04845454545454546
297,H000329,-0.00769999999999999,0.21669565217391304,-0.0008095238095238007,-0.19184375000000004,-0.009272727272727266,-0.0502
298,H000338,0.1511578947368421,-0.05129629629629629,0.11681333333333337,0.02252380952380951,0.07124242424242425,0.09819047619047616
299,H000636,-0.0673,0.1805625,0.03649166666666666,-0.04775999999999999,0.15400000000000003,-0.011500000000000002
300,H000874,-0.1738846153846154,0.05298181818181819,0.025882352941176443,-0.021594202898550716,0.04336363636363639,0.04845454545454546
301,H001032,-0.1154,0.2717272727272727,-0.013608695652173926,-0.06306666666666667,0.25700000000000006,-0.011500000000000002
302,H001034,-0.040624999999999994,0.14825925925925929,0.02874796747967479,-0.017233766233766237,0.17697058823529416,0.06116666666666667
303,H001036,0.027386363636363622,0.030416666666666647,0.049859259259259256,-0.11156944444444446,-0.044950617283950625,-0.003666666666666667
304,H001038,-0.0718888888888889,0.04850980392156862,0.020341614906832277,-0.023128571428571425,0.01277777777777779,0.04845454545454546
305,H001041,0.11572727272727269,-0.047384615384615386,0.11974666666666668,-0.03184210526315789,0.031781250000000004,0.11687999999999997
306,H001042,0.12144444444444444,-0.0457,0.2089137931034483,0.20825000000000005,0.0765,0.15119999999999997
307,H001045,-0.09279999999999998,0.042891891891891895,0.015279661016949156,-0.10256338028169015,-0.045905882352941164,-0.003666666666666667
308,H001046,0.12549999999999997,-0.06360000000000002,0.19420338983050844,0.23299999999999998,0.07127272727272727,0.15119999999999997
309,H001047,-0.0737,0.05513392857142858,0.02307100591715976,-0.05538064516129032,-0.014935064935064937,0.05133333333333333
310,H001048,0.03466666666666666,0.03559615384615384,0.023928571428571434,-0.0909652777777778,-0.060364705882352945,0.0215
311,H001049,0.46950000000000003,0.10733333333333334,0.1618571428571429,0.2996666666666667,0.22974999999999998,0.09507142857142857
312,H001050,-0.06947368421052633,0.09935185185185186,-0.017990000000000003,-0.09528888888888885,-0.08956521739130432,-0.046714285714285715
313,H001051,-0.09246428571428571,0.10699999999999998,0.031011363636363642,-0.08164788732394367,0.07184444444444443,-0.015000000000000001
314,H001052,0.04395000000000001,0.029495049504950497,0.056902255639097746,-0.10235416666666665,-0.02934939759036146,0.0215
315,H001053,0.011766666666666656,0.04144144144144145,0.035779661016949155,-0.09493377483443709,-0.03687058823529411,0.0215
316,H001055,-0.02347826086956521,0.13923728813559322,0.07369230769230771,-0.09224691358024695,0.08293877551020408,-0.016454545454545458
317,H001056,0.0027857142857142764,0.028696969696969676,0.05154621848739495,-0.08995774647887325,-0.03459701492537315,0.023111111111111107
318,H001057,0.07441666666666667,0.09096428571428569,0.05396969696969698,-0.1254533333333333,0.008159090909090902,-0.016454545454545458
319,H001058,-0.00044186046511627945,0.04189473684210527,0.06504379562043794,-0.10228472222222222,-0.03975000000000001,0.0215
320,H001059,0.022250000000000006,0.04275257731958764,0.0302439024390244,-0.10333566433566434,-0.06892592592592593,-0.003666666666666667
321,H001060,0.017666666666666674,0.11118333333333333,0.06964814814814818,-0.09383544303797471,0.07647169811320755,-0.016454545454545458
322,H001061,0.176375,-0.1348888888888889,0.12403896103896106,0.011095238095238076,0.06254838709677418,0.12470588235294111
323,H001063,-0.11821739130434782,0.14615789473684213,0.0343181818181818,-0.024177215189873414,0.14934210526315791,-0.009857142857142858
324,H001064,-0.06360714285714286,0.05338738738738739,0.010078313253012044,-0.05297385620915031,0.01848571428571431,0.04845454545454546
325,H001065,0.013634146341463422,0.02797345132743361,0.05631851851851852,-0.10170860927152317,-0.07345882352941176,0.0215
326,H001066,-0.14536842105263156,0.2074375,-0.003285714285714291,-0.056439024390243904,0.2125294117647059,0.098875
327,H001067,-0.013911764705882354,0.008989898989898978,0.0698671875,-0.1052042253521127,-0.08075949367088607,0.02227777777777778
328,H001068,-0.15332258064516127,0.07249056603773585,0.029025974025974014,-0.007870229007633596,0.04003076923076925,0.04845454545454546
329,H001069,0.16375,-0.07896774193548385,0.1445342465753425,0.024692307692307704,0.061500000000000006,0.13756249999999998
330,H001070,-0.13,0.070725,0.04808163265306122,-0.027204081632653063,0.14909999999999998,0.011666666666666667
331,H001071,-0.01861111111111111,-0.03240476190476191,0.0771797752808989,-0.10192727272727274,-0.03293548387096774,0.0454
332,H001072,-0.046538461538461535,-0.016935483870967747,0.06319540229885055,-0.07677118644067797,-0.054718750000000003,0.0454
333,H001073,-0.05321428571428572,-0.011468085106382982,0.04620987654320988,-0.06231666666666667,-0.04840625000000002,0.057625
334,H001074,-0.016833333333333336,-0.08581481481481484,0.036499999999999984,-0.11142028985507246,-0.23108571428571426,0.06788888888888889
335,H001075,-0.24320000000000003,-0.1508421052631579,-0.4073333333333333,0.4,0.0403,0.0
336,H001076,-0.24320000000000003,-0.2548846153846154,-0.4073333333333333,-0.16871428571428573,0.0403,0.0
337,H001077,-0.02691666666666667,-0.07448076923076924,0.023851851851851843,-0.09799999999999999,-0.24781818181818185,0.06788888888888889
338,H001078,-0.016833333333333336,-0.11232432432432433,0.012913043478260866,-0.10171153846153845,-0.29042307692307695,-0.20199999999999999
339,H001079,-0.3376666666666667,-0.36006666666666665,-0.6054999999999999,0.11900000000000001,0.1195,0.0
340,H001080,0.0,0.001666666666666668,0.3835,0.08499999999999999,0.5725,0.43
341,H001081,0.0,0.001666666666666668,0.3835,0.023666666666666666,0.5725,0.43
342,H001082,0.39899999999999997,-0.07562500000000003,-0.17900000000000005,0.18774999999999997,-0.041400000000000006,-0.12300000000000001
343,H001083,0.0,0.026000000000000002,0.3835,0.08499999999999999,0.5725,0.43
344,H001085,0.0,0.026000000000000002,0.3835,0.08499999999999999,0.5725,0.43
345,H001087,0.0,0.026000000000000002,0.3835,0.08499999999999999,0.5725,0.43
346,H001088,0.0,0.05688888888888889,0.3835,0.0885,0.8809999999999999,0.248
347,H001089,0.0,-0.33390909090909093,0.0,0.0,0.0,0.0
348,H001090,0.0,0.0061111111111111045,0.3835,0.08499999999999999,0.5725,0.43
349,I000024,0.0177777777777778,-0.13278947368421054,0.08991176470588234,-0.02884210526315791,0.06507142857142857,0.1320555555555555
350,I000055,0.17166666666666666,-0.10461111111111111,0.12630769230769237,0.03136363636363635,0.06719354838709678,0.19225000000000003
351,I000056,0.011021276595744655,0.05346601941747573,0.05277519379844961,-0.10484671532846719,-0.04409090909090908,-0.0044705882352941186
352,I000057,-0.06804347826086957,0.18324528301886794,0.027702290076335866,-0.04276470588235294,0.17344736842105266,-0.011500000000000002
353,J000032,-0.0923076923076923,0.05344117647058822,0.02752071005917157,-0.0035190839694656468,0.02168181818181819,0.0969
354,J000126,-0.033031250000000005,0.0661089108910891,0.031231707317073143,-0.004261904761904766,0.028500000000000025,0.07288888888888889
355,J000174,-0.0037317073170731606,0.03976842105263156,0.05224390243902439,-0.11330400000000002,-0.07813698630136987,-0.003882352941176471
356,J000177,0.4101,0.10733333333333334,0.24500000000000005,0.3672000000000001,0.22974999999999998,0.09507142857142857
357,J000255,0.01645945945945947,-0.005940000000000001,0.054702290076335876,-0.06400980392156862,-0.0794509803921569,0.007333333333333334
358,J000288,-0.019518518518518515,0.0805825242718447,0.04044848484848483,-0.00694656488549618,0.042044117647058836,0.04845454545454546
359,J000289,0.023238095238095235,0.024592592592592586,0.04827131782945735,-0.110875,-0.0917974683544304,0.041555555555555554
360,J000290,0.07502857142857144,0.03610784313725489,0.06470992366412212,-0.10622535211267607,-0.0548974358974359,-0.003666666666666667
361,J000291,0.429,0.10733333333333334,0.118125,0.24757142857142858,0.0,0.08280000000000001
362,J000292,0.033891891891891894,0.04001680672268907,0.02765873015873016,-0.09198026315789475,-0.04508045977011493,0.0215
363,J000293,-0.013857142857142846,-0.11705128205128205,0.11243421052631582,-0.0202105263157895,0.05303225806451612,0.08358823529411767
364,J000294,-0.06428571428571427,0.05663302752293578,0.026796178343949015,-0.004551470588235295,0.0067076923076923155,0.0969
365,J000295,-0.042000000000000016,0.042136363636363645,0.019182608695652175,-0.08836842105263161,-0.03629069767441861,0.00486666666666667
366,J000296,-0.13,0.11314893617021275,0.06418309859154929,-0.0425,0.0509375,0.01
367,J000297,-0.0828,0.008657534246575341,0.04217808219178082,-0.08071428571428572,-0.050462962962962966,0.014230769230769233
368,J000298,-0.04880000000000001,-0.03836734693877552,0.003914285714285715,0.016999999999999998,-0.13993548387096771,0.1505
369,J000299,0.026923076923076907,-0.08246,0.005249999999999995,-0.09263636363636363,-0.22225714285714285,0.06788888888888889
370,J000300,-0.15100000000000002,-0.30572727272727274,-0.6054999999999999,-0.16871428571428573,0.03325,0.0
371,J000301,0.0,0.038375000000000006,0.3835,0.0885,0.8809999999999999,0.248
372,J000302,0.0,0.058875,0.3835,0.0885,0.8809999999999999,0.248
373,J000303,0.39899999999999997,0.016142857142857143,-0.49950000000000006,0.287,-0.12325,0.0
374,K000009,-0.1250416666666667,0.050925233644859805,0.02467307692307691,-0.014641221374045802,0.0020161290322580844,0.0969
375,K000188,-0.09080645161290322,0.05741666666666667,0.03203773584905659,-0.07122981366459627,-0.028934210526315774,0.04845454545454546
376,K000210,-0.04803225806451614,0.0444561403508772,0.02643220338983051,-0.10579720279720282,-0.026346153846153835,0.002250000000000001
377,K000220,-0.01288888888888888,0.09012500000000001,-0.03244444444444443,-0.19165517241379312,-0.18168421052631578,-0.0502
378,K000352,0.0,-0.43525,-0.6054999999999999,0.0,0.0,0.0
379,K000360,0.20173333333333335,0.11591666666666667,0.1564,0.15974999999999998,0.11710526315789471,0.14150000000000001
380,K000362,0.018911764705882357,0.027046296296296287,0.06957971014492752,-0.09166442953020136,-0.0730379746835443,-0.024882352941176474
381,K000363,-0.004535714285714297,0.1294615384615385,0.030577319587628864,-0.08912658227848104,0.06976923076923078,-0.016454545454545458
382,K000367,0.2095882352941176,-0.10622857142857144,0.17298437499999997,0.27171428571428574,0.06348387096774193,0.15119999999999997
383,K000368,-0.0715,0.1268769230769231,0.03493495934959349,-0.04179069767441859,0.0933409090909091,0.098875
384,K000375,-0.07204545454545455,0.046911764705882354,0.024999999999999994,-0.045212765957446804,0.0372727272727273,0.04845454545454546
385,K000376,-0.04026470588235295,0.04394166666666667,0.029383999999999997,-0.08839610389610393,-0.07119767441860465,0.0215
386,K000378,-0.046100000000000016,0.05221621621621624,0.042463999999999995,-0.09125657894736844,-0.04560465116279069,0.0215
387,K000379,-0.14814285714285713,0.05237735849056603,0.01781987577639751,-0.021414062499999997,0.03455555555555556,0.04845454545454546
388,K000380,-0.09063636363636363,0.04778703703703703,0.024036809815950907,-0.02460144927536231,0.023942028985507263,0.0969
389,K000381,-0.03580645161290323,0.04674999999999999,0.02032098765432098,-0.05806410256410255,-0.014217948717948709,0.04845454545454546
390,K000382,-0.11751612903225805,0.055098214285714285,0.017640718562874243,-0.05571069182389935,-0.020974358974358953,0.04845454545454546
391,K000383,0.17368421052631575,-0.1429736842105263,0.15831884057971013,0.02021428571428571,0.06978787878787877,0.1779230769230769
392,K000384,0.1999444444444444,-0.10851428571428573,0.17824615384615383,0.006071428571428601,0.08132258064516129,0.16199999999999998
393,K000385,-0.03489285714285715,0.062485436893203884,0.024121019108280246,-0.012586466165413536,-0.0018813559322033802,0.05133333333333333
394,K000386,-0.03169230769230771,-0.020431818181818183,0.0321604938271605,-0.05365833333333333,-0.048561403508771944,0.0454
395,K000387,-0.08171428571428573,0.009012500000000003,0.02666666666666667,-0.07645217391304347,-0.05568852459016394,0.014230769230769233
396,K000388,-0.059000000000000004,-0.013505882352941178,0.057159999999999975,-0.08478301886792454,-0.09817241379310344,0.040214285714285716
397,K000389,-0.04880000000000001,-0.059294117647058824,-0.00024324324324324345,0.01669090909090909,-0.13983870967741932,0.1505
398,K000390,0.12775,-0.08431707317073171,-0.022823529411764708,-0.06508196721311474,-0.18741379310344827,-0.129
399,K000391,-0.04880000000000001,-0.06796153846153846,-0.01937142857142857,-0.04296923076923076,-0.14854545454545454,0.1505
400,K000392,0.023692307692307693,-0.07292156862745099,-0.000962962962962968,-0.09040277777777778,-0.22531428571428574,0.06788888888888889
401,K000393,-0.5633333333333334,-0.20313636363636364,-0.3165,-0.10527272727272727,0.07823076923076923,0.013571428571428571
402,K000394,0.0,0.026000000000000002,0.3835,0.08499999999999999,0.5725,0.43
403,L000111,-0.14075000000000001,0.245125,0.0261304347826087,-0.19803225806451616,-0.018260869565217386,-0.0502
404,L000123,-0.33,0.0,0.0,0.0,0.0,0.0
405,L000174,0.20942857142857144,-0.0457,0.16753225806451613,0.20825000000000005,0.0765,0.15119999999999997
406,L000261,0.39160000000000006,0.10733333333333334,0.24500000000000005,0.3672000000000001,0.22974999999999998,0.09507142857142857
407,L000263,-0.0787037037037037,0.058097087378640784,0.017782608695652156,-0.017333333333333346,0.024718750000000022,-0.036333333333333336
408,L000287,-0.1519285714285714,0.07086458333333333,0.026360248447204946,-0.003859375000000001,0.04205084745762713,0.04845454545454546
409,L000397,-0.11124999999999997,0.05538317757009346,0.032799999999999975,-0.0017846153846153854,0.014661764705882353,0.04845454545454546
410,L000480,-0.09714285714285711,0.05924545454545456,0.0263459119496855,-0.017837037037037033,0.038985074626865686,0.04845454545454546
411,L000491,-0.06436000000000001,0.04037815126050421,0.03061290322580645,-0.09309395973154364,-0.04448235294117647,0.0215
412,L000550,0.4415714285714286,0.0,0.19437500000000005,0.3672000000000001,0.22974999999999998,0.10753846153846155
413,L000551,-0.05963333333333334,0.06723469387755103,0.03107142857142855,0.008559055118110231,0.024815384615384625,0.04845454545454546
414,L000554,-0.020971428571428564,0.043660550458715607,0.02565573770491802,-0.09122602739726031,-0.0539047619047619,-0.04369230769230769
415,L000557,-0.11851851851851851,0.04851428571428571,0.019558441558441556,-0.029044776119402982,-0.005648648648648628,0.04845454545454546
416,L000559,-0.060413793103448236,0.05404504504504505,0.024775757575757545,-0.01680575539568345,0.023485714285714304,0.04845454545454546
417,L000560,-0.07515384615384615,0.05150000000000001,0.02269325153374233,-0.05231612903225805,-0.020220588235294115,0.04845454545454546
418,L000562,-0.05935714285714285,0.0393644859813084,0.02014814814814814,-0.02085271317829456,0.0003199999999999988,0.05133333333333333
419,L000563,-0.059548387096774194,0.05701869158878507,0.02099415204678362,-0.0724183006535948,-0.02977611940298506,0.018461538461538463
420,L000564,0.010536585365853664,0.009153153153153154,0.04954477611940298,-0.0940137931034483,-0.06113793103448275,0.0215
421,L000565,-0.11246153846153846,0.0699074074074074,0.018325842696629215,-0.06260645161290322,-0.013986842105263152,0.04845454545454546
422,L000566,0.033891891891891894,0.032452991452991437,0.06687681159420285,-0.08617880794701989,-0.046690476190476185,0.0215
423,L000567,-0.04429411764705883,0.034825688073394485,0.04474999999999999,-0.09300000000000003,-0.056752941176470575,-0.003666666666666667
424,L000569,-0.0306875,0.04431092436974791,0.04438281249999999,-0.10180000000000002,-0.04397619047619047,0.030736842105263156
425,L000570,-0.17032,0.05101801801801802,0.01916071428571428,-0.021415492957746474,0.022239436619718323,0.0533
426,L000571,-0.10592,0.08932142857142855,0.06090909090909093,-0.1261095890410959,-0.028720930232558152,-0.016454545454545458
427,L000573,-0.00903571428571429,0.02371764705882353,0.028639639639639645,-0.11595384615384616,-0.08,-0.010823529411764706
428,L000575,0.014964285714285685,7.142857142856356e-05,0.018293478260869567,-0.17883333333333334,-0.01560000000000001,0.054937500000000014
429,L000576,0.044000000000000004,0.04787387387387388,0.042161290322580626,-0.08345833333333334,-0.03995121951219512,0.0215
430,L000577,0.10259999999999998,-0.11193750000000001,0.07376190476190476,-0.02884210526315791,0.12935999999999998,0.08358823529411767
431,L000578,0.003258064516129035,0.03628181818181817,0.062316901408450684,-0.08311034482758624,-0.07178823529411765,0.0215
432,L000579,-0.07926923076923077,0.06623762376237623,0.02941509433962262,0.0050975609756097546,0.03112698412698415,0.0969
433,L000580,-0.17627777777777778,0.061156250000000016,0.013222222222222217,-0.046318518518518495,-0.013820895522388032,-0.036333333333333336
434,L000581,-0.054200000000000005,0.007729411764705878,0.037187499999999984,0.012732673267326734,-0.006113207547169819,0.1204
435,L000582,-0.026750000000000003,-0.0014050632911392466,0.035768421052631574,0.007775510204081635,-0.0319818181818182,0.1204
436,L000583,-0.027949999999999992,-0.0343132530120482,0.07183529411764705,-0.07436440677966102,-0.045196721311475396,0.0454
437,L000584,0.0037333333333333294,-0.024770270270270275,0.10561363636363633,-0.08449549549549551,-0.07628571428571429,0.015000000000000001
438,L000585,0.01092857142857143,-0.02141666666666667,0.05418571428571428,-0.06951851851851852,-0.09966666666666667,0.040214285714285716
439,L000586,-0.04880000000000001,-0.0778846153846154,-0.012121212121212123,-0.058567164179104486,-0.1709722222222222,0.1505
440,L000587,-0.0624,-0.11620512820512821,0.03974074074074073,-0.11238461538461537,-0.23068750000000002,0.01642857142857143
441,L000588,-0.05640000000000002,-0.08023999999999999,-0.037272727272727284,0.08688888888888886,-0.17128571428571432,0.43
442,L000589,0.004714285714285698,-0.08547619047619047,-0.07100000000000002,-0.048466666666666665,-0.25352941176470584,0.248
443,L000590,0.0,0.026000000000000002,0.3835,0.10625,0.5725,0.43
444,L000591,0.0,0.002818181818181821,0.3835,0.08499999999999999,0.5725,0.43
445,L000592,0.0,0.001666666666666668,0.3835,0.08499999999999999,0.5725,0.43
446,L000593,0.0,0.001666666666666668,0.3835,0.08499999999999999,0.5725,0.43
447,M000087,-0.09796153846153845,0.0545981308411215,0.019957317073170725,-0.03716296296296295,0.030384615384615395,0.040400000000000005
448,M000133,-0.049000000000000016,-0.059125,0.2018103448275862,0.20422222222222222,0.13185714285714287,0.14981250000000002
449,M000303,0.17246153846153842,0.07810000000000002,0.12359420289855073,0.14141666666666666,0.010923076923076924,0.11171428571428565
450,M000309,0.0,0.22166666666666668,0.029897435897435896,-0.13985714285714285,0.18940000000000004,0.09175
451,M000312,-0.12057142857142855,0.061476635514018683,0.02568484848484846,0.003898437500000002,0.06420000000000001,0.0969
452,M000355,0.18028571428571422,-0.10683783783783785,0.11033333333333331,0.0007999999999999729,0.05838709677419354,0.13999999999999993
453,M000404,-0.1321363636363636,0.164,0.027540322580645153,-0.008859154929577473,0.18385294117647064,-0.009857142857142858
454,M000485,-0.07908333333333334,0.26740909090909093,-0.02481944444444444,-0.1334130434782609,-0.056916666666666664,0.0016000000000000014
455,M000508,-0.08757142857142856,0.25578260869565217,0.008547619047619056,-0.193,0.013450000000000009,-0.0502
456,M000639,0.18814285714285708,-0.144675,0.19705357142857136,0.20825000000000005,0.0765,0.15119999999999997
457,M000689,-0.0020333333333333167,0.13336923076923077,0.029876288659793814,-0.09380000000000002,0.07647169811320755,-0.016454545454545458
458,M000702,0.3027692307692308,0.09950000000000002,0.22546296296296295,0.1808571428571429,0.09295454545454543,0.15119999999999997
459,M000725,-0.05353333333333335,0.2976842105263158,-0.0032372881355932203,-0.06621212121212121,0.298923076923077,-0.011500000000000002
460,M000933,-0.11152380952380951,0.2717272727272727,-0.004783783783783796,-0.11753846153846152,-0.016642857142857143,-0.011500000000000002
461,M000934,0.18264705882352938,-0.13877142857142857,0.1006142857142857,-0.03184210526315789,0.08618749999999996,0.0886
462,M001111,0.1797894736842105,-0.12781578947368422,0.19106557377049177,0.20825000000000005,0.09625806451612903,0.15119999999999997
463,M001137,-0.07739999999999998,0.06661458333333332,0.01327692307692308,-0.042835714285714296,-0.005999999999999997,0.0533
464,M001139,-0.05366666666666666,0.1455,-0.032437499999999994,-0.22579166666666672,-0.036849999999999994,-0.02425
465,M001142,0.0077894736842105275,0.23532,-0.006519230769230769,-0.14489189189189194,-0.019111111111111103,-0.0008571428571428499
466,M001143,-0.1365862068965517,0.0630090909090909,0.01959748427672956,-0.023688405797101443,0.036623188405797105,0.04845454545454546
467,M001144,0.023612903225806458,0.13665,0.07485981308411219,-0.11122368421052634,0.044125,-0.016454545454545458
468,M001149,-0.13011764705882353,0.23532,-0.001676056338028176,-0.10823684210526315,0.16337500000000002,-0.011500000000000002
469,M001150,0.038695652173913055,0.11548387096774192,0.0403157894736842,-0.11521333333333338,0.05674000000000001,-0.016454545454545458
470,M001151,0.03737500000000001,0.11060526315789475,0.023811320754716987,-0.09643564356435645,0.04586885245901638,0.007999999999999998
471,M001153,0.1282727272727273,-0.1008,0.15414864864864866,0.01354999999999999,0.04972413793103446,0.08942105263157896
472,M001156,0.014238095238095242,0.02926956521739129,0.05459541984732824,-0.08950967741935485,-0.04725301204819276,0.030736842105263156
473,M001157,0.020299999999999995,0.03746086956521738,0.06579411764705878,-0.09021192052980136,-0.05068181818181817,0.022368421052631583
474,M001158,-0.0287560975609756,0.032542056074766346,0.05416129032258064,-0.11170992366412216,-0.08781578947368422,0.0215
475,M001159,-0.0038571428571428654,0.04468644067796611,0.044601694915254224,-0.10206756756756762,-0.04782758620689655,0.0215
476,M001160,-0.11693103448275859,0.07104081632653059,0.02313422818791946,-0.02461240310077519,0.05329032258064518,0.0969
477,M001163,-0.0846086956521739,0.0505625,0.026156626506024072,-0.015764705882352948,0.02676056338028171,0.04845454545454546
478,M001165,-0.039971428571428574,0.040474576271186447,0.06798571428571427,-0.09032467532467534,-0.023349397590361438,0.0215
479,M001166,-0.09562962962962962,0.05346728971962617,0.031361445783132505,-0.032144827586206876,0.0055000000000000005,0.04845454545454546
480,M001169,0.132,-0.06360000000000002,0.1983965517241379,0.20825000000000005,0.07364516129032257,0.15119999999999997
481,M001170,0.15957894736842101,-0.07444444444444444,0.164609375,0.024692307692307704,0.0839375,0.1620714285714286
482,M001171,0.03280000000000001,0.23532,0.007333333333333332,-0.1403658536585366,0.056454545454545486,-0.011500000000000002
483,M001176,0.14088888888888887,-0.08306896551724138,0.24169090909090912,0.23588888888888887,0.109,0.15119999999999997
484,M001177,0.03688095238095238,0.027219999999999987,0.04121052631578947,-0.1286159420289855,-0.04747142857142858,0.0215
485,M001179,-0.04138235294117648,0.04623809523809523,0.02934782608695652,-0.11148550724637683,-0.04795348837209302,-0.005000000000000001
486,M001180,0.015052631578947361,0.0370695652173913,0.05699253731343284,-0.09134868421052633,-0.04508045977011493,0.021388888888888888
487,M001181,-0.08959999999999999,0.067875,0.04078991596638654,-0.11556390977443609,0.008318181818181834,-0.03813333333333333
488,M001182,0.02789655172413793,0.07735185185185184,0.06507446808510638,-0.11984210526315793,0.011909090909090904,-0.016454545454545458
489,M001183,0.1922,-0.14135,0.13856756756756758,0.042529411764705885,0.09648387096774193,0.132625
490,M001184,0.022199999999999994,-0.036326530612244896,0.05985833333333333,-0.1374234234234234,-0.07406382978723407,0.035875
491,M001185,-0.07852,0.06408928571428575,0.01116666666666666,-0.06558536585365851,-0.0324235294117647,0.04845454545454546
492,M001187,-0.050763157894736836,0.018666666666666665,0.03732824427480915,-0.10340000000000003,-0.07172619047619049,0.0215
493,M001188,-0.1302142857142857,0.04283809523809523,0.028031645569620234,-0.026429629629629595,0.04237313432835823,0.07422222222222223
494,M001189,0.044166666666666674,0.04297115384615383,0.0612941176470588,-0.11381617647058827,-0.05150632911392405,-0.003666666666666667
495,M001190,0.01584375000000001,0.010723214285714282,0.027168000000000005,-0.08730612244897963,-0.09141666666666667,0.0215
496,M001191,-0.06607692307692307,0.1507704918032787,0.020000000000000004,-0.060941860465116265,0.06148000000000002,-0.009857142857142858
497,M001192,-0.836,0.1491818181818182,0.06810526315789472,-0.13999999999999999,-0.10899999999999999,0.0
498,M001193,-0.04966666666666667,-0.013542168674698797,0.015842105263157904,-0.06230973451327434,-0.076890625,0.0007272727272727305
499,M001194,-0.04966666666666667,-0.006421052631578947,0.05104597701149423,-0.06176859504132231,-0.04807812500000002,0.0454
500,M001195,-0.0032352941176470545,-0.023213483146067415,0.10439583333333334,-0.08846902654867257,-0.07319999999999999,0.004428571428571429
501,M001196,-0.08725,0.0018571428571428563,0.030182795698924736,-0.01791666666666667,-0.010058823529411764,0.1204
502,M001197,-0.04276470588235294,-0.04994791666666667,0.06211363636363636,-0.0631025641025641,-0.057964285714285725,0.014230769230769233
503,M001198,-0.020454545454545458,-0.07448076923076924,0.019645161290322576,-0.09012676056338029,-0.22466666666666665,0.06788888888888889
504,M001199,-0.00758333333333333,-0.07592307692307693,0.00735714285714286,-0.09737142857142857,-0.25625714285714285,0.06788888888888889
505,M001200,-0.04880000000000001,-0.057591836734693876,-0.022125000000000006,-0.015689655172413785,-0.15910714285714284,0.1505
506,M001201,-0.020454545454545458,-0.07235185185185185,0.018266666666666664,-0.09114285714285714,-0.21571428571428575,0.06788888888888889
507,M001202,0.12775,-0.07655555555555556,-0.013000000000000001,-0.07327631578947369,-0.12764705882352942,0.08
508,M001203,0.0,0.001666666666666668,0.3835,0.08499999999999999,0.5725,0.43
509,M001204,0.0,0.05688888888888889,0.3835,0.0885,0.8809999999999999,0.248
510,M001205,0.0,0.058875,0.3835,0.0885,0.8809999999999999,0.248
511,M001206,0.39899999999999997,-0.07873684210526316,-0.05800000000000004,0.17477777777777778,0.01589999999999999,0.43
512,M001207,0.0,0.001666666666666668,0.3835,0.08499999999999999,0.5725,0.43
513,M001208,0.0,0.026000000000000002,0.3835,0.08499999999999999,0.5725,0.43
514,M001209,0.0,0.026000000000000002,0.3835,0.08499999999999999,0.5725,0.43
515,N000002,-0.13937037037037037,0.04312037037037037,0.028279503105590027,0.01396694214876033,0.007190476190476211,0.0969
516,N000015,-0.020692307692307694,0.0434537037037037,0.015477987421383644,-0.016821705426356588,0.04652173913043481,0.04845454545454546
517,N000032,0.18216666666666667,-0.047965517241379305,0.18155737704918035,0.006071428571428601,0.0765,0.15119999999999997
518,N000127,-0.1026,0.08576666666666666,0.02124117647058823,-0.05052238805970147,0.0016923076923076963,0.013624999999999996
519,N000179,-0.10437037037037035,0.05018627450980392,0.039733333333333315,-0.008606299212598428,0.05443750000000003,0.04845454545454546
520,N000181,-0.02652941176470588,0.04431092436974791,0.03369166666666667,-0.09198026315789475,-0.05427710843373493,0.0215
521,N000182,0.059958333333333357,0.11796610169491524,0.05588000000000002,-0.09224691358024695,0.03306122448979591,-0.016454545454545458
522,N000184,-0.08073333333333332,0.06686666666666666,0.06157758620689655,-0.11897080291970805,-0.028712328767123287,-0.003666666666666667
523,N000185,0.008259259259259234,0.11421052631578946,0.058676190476190486,-0.09283333333333336,0.061265306122448994,-0.016454545454545458
524,N000186,0.07941176470588236,0.20620000000000002,-0.021781249999999988,-0.17034615384615387,0.004750000000000009,-0.06275
525,N000187,-0.032999999999999995,0.19957142857142857,-0.019075757575757576,-0.08965624999999999,0.2735833333333334,-0.011500000000000002
526,N000188,-0.013222222222222227,0.005390804597701148,0.026962264150943396,-0.007160714285714285,-0.02585714285714286,0.1204
527,N000189,-0.0073076923076923145,-0.02025274725274726,0.05088749999999999,-0.07150847457627119,-0.04917460317460319,0.0454
528,N000190,0.01735714285714286,-0.08204545454545455,0.03404347826086956,-0.10635999999999997,-0.2851363636363637,-0.1625
529,N000191,0.0,0.001666666666666668,0.3835,0.08499999999999999,0.5725,0.43
530,O000168,-0.006394736842105285,0.025199999999999986,0.07177205882352938,-0.0893888888888889,-0.04725301204819276,0.0215
531,O000169,-0.14308333333333334,0.245125,0.02108064516129032,-0.11179069767441861,0.029809523809523848,0.0016000000000000014
532,O000170,-0.06225,0.054734042553191475,0.02076969696969695,-0.04394326241134749,-0.010618421052631567,-0.036333333333333336
533,O000171,-0.047000000000000014,-0.07382142857142858,-0.014100000000000001,-0.08456,-0.17586842105263156,0.1505
534,O000172,0.0,0.001666666666666668,0.3835,0.08499999999999999,0.5725,0.43
535,O000173,0.0,-0.029375000000000002,0.3835,0.08499999999999999,0.5725,0.43
536,P000034,-0.07492000000000001,0.04947747747747749,0.024987878787878757,0.0018421052631578867,0.04070149253731345,0.04845454545454546
537,P000096,-0.027935483870967746,0.05292523364485981,0.02059259259259259,-0.014395522388059703,0.010060606060606058,0.04845454545454546
538,P000099,-0.0029166666666666716,0.21875,-0.03273529411764706,-0.08221875,0.20573333333333338,-0.0396
539,P000197,-0.17273076923076922,0.05109677419354838,0.023599999999999975,-0.005266666666666675,0.02639062500000002,0.005285714285714287
540,P000258,-0.04936363636363638,0.036923728813559306,0.018188679245283012,-0.08652325581395355,-0.03884090909090908,0.018214285714285714
541,P000265,-0.04403571428571429,0.23532,-0.015069767441860457,-0.19184375000000004,-0.05552380952380952,-0.0502
542,P000373,0.02931249999999998,0.13336923076923077,0.07290291262135923,-0.09068292682926832,0.07404081632653062,-0.016454545454545458
543,P000449,0.20188235294117643,-0.12004999999999999,0.12744444444444444,0.0007999999999999729,0.03054838709677419,0.09690909090909088
544,P000523,-0.1567083333333333,0.06310280373831775,0.023487951807228902,-0.01741044776119403,0.03717647058823531,0.04845454545454546
545,P000588,-0.023448275862068955,0.03462499999999998,0.04589312977099236,-0.1146074074074074,-0.06127710843373494,0.014375
546,P000590,0.46950000000000003,0.10733333333333334,0.19437500000000005,0.3672000000000001,0.22974999999999998,0.108
547,P000591,0.021103448275862066,0.0907758620689655,0.07620183486238531,-0.10666233766233765,0.06725490196078432,-0.016454545454545458
548,P000592,0.0005000000000000004,0.013023529411764703,0.031247787610619464,-0.11911764705882356,-0.08802898550724637,0.00035294117647058853
549,P000593,-0.11039285714285711,0.045283018867924525,0.018953947368421046,-0.055244897959183664,-0.012436619718309862,0.10766666666666666
550,P000594,-0.05257142857142857,0.043281818181818185,0.031022556390977427,-0.09327516778523492,-0.047654320987654326,-0.0041764705882352945
551,P000595,-0.12366666666666669,0.03503703703703703,0.051785714285714296,-0.13518750000000002,0.033230769230769244,0.12400000000000001
552,P000597,-0.12153571428571427,0.055905660377358495,0.03286163522012575,-0.0058518518518518615,0.036176470588235296,0.04845454545454546
553,P000598,-0.021133333333333337,0.05271739130434781,0.04493661971830984,-0.06638759689922479,0.007741379310344833,-0.036333333333333336
554,P000599,0.05188235294117648,-0.005851851851851853,0.046577464788732384,-0.10325694444444444,-0.05839506172839506,0.0215
555,P000601,0.027342105263157886,0.03281981981981981,0.044357723577235754,-0.09613475177304968,-0.05776744186046512,0.06394117647058824
556,P000602,0.10761538461538464,0.13011864406779658,0.06376,-0.10561643835616441,0.06976923076923078,-0.016454545454545458
557,P000603,-0.001125000000000001,-0.07268000000000001,0.06823636363636364,-0.016882352941176487,0.10668749999999995,0.15556249999999996
558,P000604,-0.11548275862068963,0.06645454545454545,0.03209929078014182,-0.014626984126984117,0.02462711864406779,0.0533
559,P000605,0.04210526315789475,0.042706422018348615,0.0592846715328467,-0.1041736111111111,-0.052835443037974675,0.0215
560,P000606,0.024270270270270258,0.03639999999999998,0.07902222222222223,-0.10079856115107917,-0.05690789473684211,-0.01747058823529412
561,P000607,-0.11695999999999998,0.07396116504854368,0.02820858895705518,-0.00011666666666667382,0.037641791044776135,0.12133333333333335
562,P000608,-0.05108823529411766,0.0445304347826087,0.013100591715976339,-0.07066666666666667,-0.020817073170731688,0.04323076923076923
563,P000609,0.014111111111111109,-0.04440697674418605,0.08173626373626372,-0.09610526315789475,-0.08888888888888888,0.004428571428571429
564,P000611,-0.025384615384615387,-0.013223529411764707,0.05830337078651684,-0.07005128205128205,-0.055483870967741954,0.014230769230769233
565,P000612,-0.14200000000000002,-0.12710714285714286,0.05825000000000001,-0.11092857142857142,0.0066666666666666645,0.10272727272727276
566,P000613,-0.04880000000000001,-0.06407407407407407,-0.01647222222222222,-0.04569696969696968,-0.16137142857142855,0.1505
567,P000614,0.0,0.026000000000000002,0.3835,0.08499999999999999,0.5725,0.43
568,P000615,0.0,0.058875,0.3835,0.0885,0.8809999999999999,0.248
569,P000616,0.0,0.026000000000000002,0.3835,0.08499999999999999,0.5725,0.43
570,P000617,0.0,0.001666666666666668,0.3835,0.0885,0.5725,0.43
571,P000618,0.0,-0.024375000000000004,0.3835,0.14166666666666666,0.5725,0.43
572,Q000023,-0.10546874999999999,0.058336448598130856,0.02647878787878785,-0.04836601307189541,0.02502941176470589,0.04845454545454546
573,R000011,-0.041499999999999995,0.20668181818181816,-0.008654320987654332,-0.12902272727272726,-0.0001249999999999978,0.07339999999999999
574,R000053,-0.13096,0.16721818181818185,0.04599082568807338,-0.015653333333333335,0.1874,-0.009857142857142858
575,R000122,0.08905555555555554,-0.11342857142857143,0.19794827586206892,0.20825000000000005,0.0765,0.15119999999999997
576,R000146,0.3203846153846153,0.13590909090909092,0.3121875,0.3672000000000001,0.08004761904761903,0.1974
577,R000307,0.09869230769230769,-0.1450810810810811,0.08807246376811592,-0.08883333333333332,0.05170967741935483,0.13999999999999993
578,R000361,0.39030000000000004,0.10733333333333334,0.24500000000000005,0.3672000000000001,0.22974999999999998,0.09507142857142857
579,R000395,-0.08787500000000002,0.0417719298245614,0.02439837398373984,-0.09133333333333335,-0.04891860465116278,0.0215
580,R000409,0.041666666666666664,-0.015186666666666678,0.061694214876033056,-0.10467968750000003,-0.0851375,-0.003666666666666667
581,R000435,-0.03834615384615384,0.0401214953271028,0.03510743801652892,-0.08215000000000004,-0.054973333333333325,-0.03458333333333333
582,R000486,-0.1267241379310345,0.05511607142857143,0.023481481481481457,-0.00550746268656717,0.037838235294117666,0.0656
583,R000487,0.021340909090909074,0.05104716981132074,0.037863636363636356,-0.10379452054794523,-0.05032183908045977,0.014375
584,R000515,-0.02010714285714286,0.057309859154929574,0.022180180180180177,0.01328409090909091,-0.024704545454545455,0.057749999999999996
585,R000570,0.0009333333333333166,0.17472972972972972,-8.196721311474075e-05,-0.1478913043478261,0.07642499999999999,-0.022166666666666668
586,R000572,-0.008894736842105259,0.26740909090909093,-0.015069767441860457,-0.19803225806451616,-0.018260869565217386,-0.0502
587,R000575,-0.04833333333333334,0.04424347826086958,0.025354838709677422,-0.08752348993288595,-0.0406144578313253,0.022368421052631583
588,R000576,-0.07546875,0.05298181818181819,0.009987421383647794,-0.06625806451612902,-0.009124999999999984,0.04845454545454546
589,R000577,-0.0338888888888889,0.06576767676767677,0.017280254777070056,-0.01561475409836066,-0.03966666666666665,0.04845454545454546
590,R000578,-0.03693939393939395,0.03897142857142857,0.012306451612903228,-0.10730215827338131,-0.06118072289156626,-0.003666666666666667
591,R000580,-0.006567567567567572,0.06049999999999999,0.0614297520661157,-0.10231944444444446,-0.07260240963855422,-0.010823529411764706
592,R000582,-0.011474999999999996,0.03760526315789472,0.07265185185185181,-0.09137908496732028,-0.04866666666666667,0.0215
593,R000583,0.01775757575757575,0.051265306122448964,0.0507007874015748,-0.1122578125,-0.0365,-0.003666666666666667
594,R000584,0.08949999999999998,-0.14589473684210524,0.0838153846153846,-0.02884210526315791,0.05303225806451612,0.1320555555555555
595,R000585,-0.056205882352941175,0.04001680672268907,0.033191999999999985,-0.0886447368421053,-0.03154117647058824,0.01605263157894737
596,R000586,-0.042709677419354844,0.08220000000000004,0.040761061946902655,-0.0906165413533835,-0.043512195121951217,-0.003666666666666667
597,R000587,-0.022678571428571433,0.10230909090909089,0.023808510638297878,-0.10805128205128206,0.04660416666666665,-0.016454545454545458
598,R000588,-0.03159090909090909,0.0768019801980198,0.02090643274853801,-0.012371212121212125,0.005567164179104495,0.04066666666666666
599,R000589,0.03618181818181818,0.129203125,0.020554347826086963,-0.0821375,0.06740384615384616,-0.016454545454545458
600,R000591,-0.04296666666666667,0.04214912280701755,0.039716535433070854,-0.09533333333333334,-0.039738636363636365,0.0215
601,R000592,-0.005454545454545451,0.02520952380952379,0.06847058823529412,-0.11055000000000001,-0.07989024390243903,-0.003666666666666667
602,R000593,-0.002783783783783803,0.037202020202020195,0.07456617647058822,-0.1105179856115108,-0.02826315789473685,-0.003666666666666667
603,R000594,-0.11433333333333334,0.23532,-0.005128205128205126,-0.19337931034482764,0.010476190476190483,-0.079
604,R000595,-0.084,-0.14422857142857143,0.08754761904761907,-0.001421052631578972,0.03736666666666666,0.1320555555555555
605,R000596,-0.009999999999999998,0.21960000000000002,-0.05454999999999999,-0.22111764705882356,-0.132,-0.06275
606,R000597,0.007279069767441853,0.01822018348623853,0.029495798319327735,-0.09556250000000001,-0.061848837209302315,-0.009947368421052632
607,R000598,0.04355,0.04328971962616821,0.054766917293233075,-0.10243835616438357,-0.055863636363636365,-0.0044705882352941186
608,R000599,-0.014869565217391306,0.055221238938053106,0.030955974842767266,-0.0551503267973856,-0.016272727272727272,0.04845454545454546
609,R000601,-0.010529411764705883,-0.014810126582278486,0.10158695652173912,-0.0905945945945946,-0.11664150943396226,0.004428571428571429
610,R000602,-0.09727272727272727,0.0014482758620689667,0.03970238095238094,-0.0353362831858407,-0.019102040816326535,0.1204
611,R000603,-0.014687500000000003,-0.025011235955056183,0.091031914893617,-0.0648099173553719,-0.06743076923076922,0.004428571428571429
612,R000604,0.012789473684210522,-0.030592105263157896,0.054012820512820504,-0.08713636363636362,-0.05387500000000002,0.014230769230769233
613,R000605,-0.14200000000000002,-0.13575,0.11531884057971015,-0.11092857142857142,0.061161290322580636,0.10272727272727276
614,R000606,-0.036833333333333336,-0.043734693877551016,-0.0235,0.0077719298245613995,-0.13993548387096771,0.1505
615,R000607,0.015266666666666654,-0.10351282051282051,0.07568965517241379,-0.09053225806451612,-0.18596551724137933,0.06788888888888889
616,R000608,-0.036833333333333336,-0.16201999999999997,-0.005468749999999997,-0.08980645161290322,-0.2765000000000001,-0.129
617,R000609,-0.020454545454545458,-0.07151923076923078,0.019645161290322576,-0.09288235294117647,-0.22205882352941178,0.06788888888888889
618,R000610,0.0,0.05688888888888889,0.3835,0.0885,0.8809999999999999,0.248
619,R000611,0.0,0.05688888888888889,0.3835,0.08499999999999999,0.5725,-0.12300000000000001
620,R000612,0.0,0.038,0.3835,0.08499999999999999,0.8809999999999999,0.248
621,R000613,0.0,0.026000000000000002,0.3835,0.0885,0.5725,0.43
622,R000614,0.0,-0.04711111111111112,0.0,0.0,0.0,-0.12300000000000001
623,R000615,0.0,-0.366,0.0,0.0,0.0,0.0
624,R000616,0.0,0.026000000000000002,0.3835,0.08499999999999999,0.5725,0.43
625,S000018,0.006172413793103458,0.089864406779661,0.008300000000000014,-0.09770666666666669,0.060409090909090905,-0.016454545454545458
626,S000030,-0.08465,0.19020454545454546,0.033613207547169795,-0.03599999999999999,0.15137500000000004,-0.009857142857142858
627,S000033,0.12481249999999999,-0.08913636363636362,0.11646341463414633,0.255375,0.12444,0.15119999999999997
628,S000051,0.030249999999999992,0.015712643678160918,0.01161165048543689,-0.09919117647058824,-0.10906896551724139,0.01353846153846154
629,S000148,0.14019999999999996,-0.1116388888888889,0.19794827586206892,0.20825000000000005,0.09625806451612903,0.15119999999999997
630,S000185,-0.12109375,0.054327102803738314,0.023314814814814813,-0.00784848484848485,0.01628169014084508,0.04845454545454546
631,S000244,0.02459999999999999,0.012669724770642196,0.05207575757575758,-0.11653956834532375,-0.1120253164556962,0.0215
632,S000248,-0.12753571428571428,0.05291071428571429,0.030693749999999975,0.00972,0.037838235294117666,0.04845454545454546
633,S000250,0.07724999999999999,0.029537735849056588,0.06462222222222218,-0.09620805369127518,-0.05650574712643679,-0.003666666666666667
634,S000320,0.022749999999999982,-0.1470294117647059,0.07268421052631578,-0.055833333333333325,0.05777419354838709,0.1320555555555555
635,S000344,-0.11666666666666667,0.0347927927927928,0.018023668639053247,-0.05362658227848101,0.013569444444444462,0.04845454545454546
636,S000364,-0.046481481481481485,0.03928448275862068,0.03127200000000001,-0.0868027210884354,-0.03747126436781611,0.022368421052631583
637,S000480,-0.03937499999999999,0.09851807228915664,0.03351724137931033,-0.008457943925233647,0.16758536585365855,0.03485714285714286
638,S000510,-0.07151515151515152,0.07275257731958763,0.030510791366906452,-0.005271929824561406,-0.03187272727272729,0.11224999999999999
639,S000522,-0.031031249999999996,0.04429411764705884,0.031025210084033614,-0.08938000000000003,-0.056829268292682915,0.000882352941176473
640,S000583,0.020750000000000008,0.03171999999999998,0.07136363636363637,-0.10899270072992702,-0.051670588235294114,-0.003666666666666667
641,S000770,0.16946666666666665,-0.13870270270270268,0.173046875,0.024692307692307704,0.0765,0.15119999999999997
642,S000937,0.07072,0.07250000000000001,-0.055774999999999984,-0.23888461538461547,-0.23543750000000002,-0.06275
643,S001141,0.25166666666666665,0.07258333333333333,0.10121666666666668,0.08070000000000002,0.04299999999999999,0.20745454545454545
644,S001145,-0.09696666666666665,0.05498095238095236,0.024098159509202452,0.008419354838709673,0.0425625,0.11224999999999999
645,S001148,-0.06853846153846153,0.046663716814159296,0.03022047244094488,-0.10092028985507248,-0.0587948717948718,0.03195238095238095
646,S001150,-0.10277419354838709,0.051954128440366974,0.021363095238095216,-0.023099999999999975,0.02374285714285717,0.0533
647,S001154,0.07747368421052635,0.04309374999999999,0.01904504504504505,-0.10164285714285715,-0.04907692307692307,-0.0041764705882352945
648,S001156,-0.10661538461538458,0.03689622641509434,0.020474999999999986,-0.007684210526315793,0.039312500000000014,0.04845454545454546
649,S001157,-0.07035999999999999,0.04726605504587155,0.022982352941176468,-0.0669457831325301,-0.0026507936507936146,0.04845454545454546
650,S001162,-0.10404761904761906,0.15235714285714286,0.006573529411764705,-0.09924999999999998,0.15021428571428577,-0.011500000000000002
651,S001165,-0.07093103448275861,0.0752079207920792,0.02641558441558439,-0.0354360902255639,0.012830985915492966,0.0969
652,S001168,-0.14788888888888888,0.048765765765765766,0.041577922077922054,0.004046511627906977,0.04015151515151517,0.04845454545454546
653,S001170,-0.10808333333333332,0.041400000000000006,-0.0016190476190476287,-0.08774117647058821,-0.08634090909090908,-0.040875
654,S001172,-0.02736363636363637,0.03920353982300884,0.06365693430656931,-0.09834459459459459,-0.05056976744186046,0.0215
655,S001175,-0.042655172413793116,0.06361052631578946,0.026864864864864845,-0.018625954198473293,0.034,0.04845454545454546
656,S001176,0.04667441860465116,0.035819047619047605,0.07957936507936506,-0.0740852713178295,-0.04179518072289157,0.0215
657,S001179,-0.10253333333333334,0.2732272727272727,-0.006259999999999992,-0.16509375,0.08166666666666667,-0.0502
658,S001180,-0.08332142857142855,0.04737068965517243,0.020108280254777063,-0.06517283950617282,-0.01816438356164384,0.01558333333333334
659,S001181,0.19535,-0.11386111111111112,0.17449230769230767,0.004866666666666694,0.0765,0.15119999999999997
660,S001183,0.011340909090909087,0.012741379310344815,0.0497686567164179,-0.09445945945945948,-0.06215116279069767,-0.009947368421052632
661,S001184,0.047199999999999985,-0.1461388888888889,0.0728125,0.010772727272727255,0.03143333333333333,0.1477777777777777
662,S001185,-0.065,0.057701923076923074,0.024488095238095215,-0.04639597315436239,0.014788732394366207,0.0533
663,S001186,0.034899999999999994,0.23532,-0.0007727272727272642,-0.1769677419354839,-0.09761904761904763,-0.0502
664,S001187,-0.06509677419354838,0.042900900900900894,0.023248,-0.08538666666666671,-0.039766233766233776,0.0215
665,S001188,0.12292,0.07788679245283017,0.05967647058823531,-0.10562857142857146,-0.013727272727272737,-0.021222222222222222
666,S001189,-0.014068965517241383,0.02782456140350876,0.05831851851851851,-0.0942837837837838,-0.06323809523809523,0.016421052631578947
667,S001190,-0.07858620689655173,0.007857142857142858,-0.012499999999999995,-0.10015322580645163,-0.10709374999999997,0.0533
668,S001191,-0.04340000000000001,0.015890909090909105,0.019152941176470584,-0.07553164556962025,-0.06539743589743588,-0.015272727272727276
669,S001192,-0.01986842105263159,0.04464601769911503,0.05805263157894737,-0.10169594594594596,-0.051666666666666666,0.02972222222222222
670,S001193,-0.09803333333333333,0.06112962962962963,0.025871951219512176,-0.03015671641791045,0.04336363636363639,0.04845454545454546
671,S001194,0.14088888888888887,-0.06360000000000002,0.15205000000000002,0.11200000000000003,0.06722580645161289,0.15119999999999997
672,S001195,0.04903030303030304,0.03409734513274335,0.08351908396946565,-0.10350354609929081,-0.08492682926829269,0.0425625
673,S001196,-0.0793076923076923,-0.00648936170212766,0.03160256410256411,-0.06289075630252101,-0.053656250000000016,0.0454
674,S001197,-0.1325714285714286,-0.12614285714285714,0.0722727272727273,-0.15023076923076922,0.07421428571428569,0.10272727272727276
675,S001198,-0.031857142857142855,-0.13896551724137932,0.1189130434782609,-0.11092857142857142,0.00793333333333332,0.10960000000000003
676,S001199,0.015000000000000005,-0.07235185185185185,0.019645161290322576,-0.09040277777777778,-0.22466666666666665,0.06788888888888889
677,S001200,-0.04880000000000001,-0.0730188679245283,-0.00024324324324324345,-0.046353846153846155,-0.14854545454545454,0.1505
678,S001201,-0.04880000000000001,-0.07961818181818182,-0.011970588235294117,-0.08103896103896104,-0.17358823529411763,0.1505
679,S001202,0.0,-0.03271428571428571,-0.027500000000000004,-0.10400000000000001,0.10169999999999998,0.013571428571428571
680,S001203,-0.15100000000000002,-0.28568750000000004,-0.6054999999999999,0.4,0.03325,0.0
681,S001205,0.39899999999999997,-0.09672222222222222,-0.05800000000000004,0.17477777777777778,-0.01363636363636364,0.43
682,S001206,0.0,0.001666666666666668,0.3835,0.08499999999999999,0.5725,0.43
683,S001207,0.0,0.026000000000000002,0.3835,0.08499999999999999,0.5725,0.43
684,S001208,0.0,0.026000000000000002,0.3835,0.08499999999999999,0.5725,0.43
685,S001209,0.0,0.026000000000000002,0.3835,0.08499999999999999,0.5725,0.43
686,S001210,0.0,0.05688888888888889,0.3835,0.0885,0.8809999999999999,0.248
687,S001211,0.0,0.001666666666666668,0.3835,0.08499999999999999,0.5725,0.43
688,S001212,0.0,0.05688888888888889,0.3835,0.08499999999999999,0.5725,0.248
689,S001213,0.0,0.05688888888888889,0.3835,0.0885,0.8809999999999999,0.248
690,S001214,0.0,0.002666666666666669,0.0,0.0,0.8809999999999999,0.248
691,S001215,0.0,0.026000000000000002,0.3835,0.08499999999999999,0.5725,0.43
692,S001216,0.0,0.02888888888888889,0.3835,0.08499999999999999,0.5725,0.43
693,S001217,0.0,-0.366,0.0,0.0,0.0,0.0
694,T000193,-0.01286956521739131,0.056301886792452814,0.02353333333333332,-0.009834586466165422,0.04362903225806455,0.04845454545454546
695,T000238,0.010606060606060607,0.045709401709401715,0.040945736434108516,-0.0959013157894737,-0.04163095238095239,0.0215
696,T000250,0.1321428571428571,-0.11524324324324325,0.1110649350649351,0.0007999999999999729,0.038866666666666654,0.1320555555555555
697,T000266,-0.09900000000000002,0.23532,-0.0025492957746478997,-0.06814705882352942,0.15241176470588239,-0.011500000000000002
698,T000459,-0.03930434782608696,0.245125,0.02034090909090909,-0.18887096774193549,-0.018260869565217386,-0.0502
699,T000460,-0.07687499999999999,0.04779816513761467,0.030221556886227515,-0.02276595744680851,0.013577464788732414,0.04845454545454546
700,T000461,-0.013857142857142846,-0.12312820512820512,0.12263333333333334,-0.0202105263157895,0.05506249999999998,0.09819047619047616
701,T000462,-0.016208333333333325,0.09851250000000002,0.033432692307692316,-0.08705714285714287,0.021661290322580663,-0.003666666666666667
702,T000463,-0.030600000000000006,0.04953043478260869,0.01648275862068966,-0.09198026315789475,-0.06460493827160493,0.030736842105263156
703,T000464,0.1881875,-0.13958333333333334,0.16446031746031747,0.02021428571428571,0.06978787878787877,0.12376470588235294
704,T000465,-0.07619999999999998,0.07204210526315788,0.010456249999999992,-0.04949599999999998,0.02559322033898308,-0.036333333333333336
705,T000467,-0.03858620689655173,0.04433898305084746,0.03964754098360654,-0.08839610389610393,-0.05068181818181817,0.0215
706,T000468,-0.052375000000000005,0.05456363636363637,0.024012269938650292,-0.025760563380281667,0.03360000000000001,0.04845454545454546
707,T000469,-0.11260714285714284,0.05338738738738739,0.025018072289156597,-0.0056962962962963,0.011657534246575356,0.04845454545454546
708,T000470,-0.035124999999999997,0.042407079646017684,0.05892481203007517,-0.09415436241610739,-0.04672093023255814,0.0215
709,T000472,-0.06290909090909091,0.057209090909090904,0.027569696969696945,0.0009389312977099198,0.03100000000000002,0.0969
710,T000473,-0.13879999999999998,0.05816666666666665,0.07225925925925927,0.016730769230769233,0.13474999999999998,0.0
711,T000474,-0.10949999999999999,-0.0006511627906976778,0.03827083333333333,-0.004355769230769226,-0.030910714285714295,0.1204
712,T000475,-0.04966666666666667,0.0021369863013698605,0.04301333333333333,-0.06272727272727271,-0.04525862068965519,0.014230769230769233
713,T000476,-0.1418888888888889,-0.11958064516129031,0.11264179104477612,-0.11784615384615385,0.045448275862068954,0.10272727272727276
714,T000477,-0.02691666666666667,-0.09867567567567569,0.0024642857142857153,-0.12178688524590163,-0.23531250000000004,0.01642857142857143
715,T000478,-0.020454545454545458,-0.10043181818181819,-0.017321428571428574,-0.11132835820895522,-0.25625714285714285,0.01642857142857143
716,T000479,0.0,0.05688888888888889,0.3835,0.0885,0.8809999999999999,0.248
717,T000480,0.0,0.05688888888888889,0.3835,0.0885,0.8809999999999999,0.248
718,T000481,0.0,0.001666666666666668,0.3835,0.023666666666666666,0.5725,0.43
719,T000482,0.0,0.001666666666666668,0.3835,0.08499999999999999,0.5725,0.43
720,T000483,0.0,0.001666666666666668,0.3835,0.0885,0.5725,0.43
721,T000484,0.0,0.026000000000000002,0.3835,0.08499999999999999,0.5725,0.43
722,U000031,0.05491176470588237,0.04526315789473685,0.03729599999999999,-0.09225850340136058,-0.03824418604651163,0.0215
723,U000038,0.39357142857142857,0.10733333333333334,0.24500000000000005,0.30400000000000005,0.22974999999999998,0.10753846153846155
724,U000039,0.14019999999999996,-0.09120689655172413,0.20539655172413793,0.20825000000000005,0.09625806451612903,0.15119999999999997
725,U000040,0.0,0.001666666666666668,0.3835,0.08499999999999999,0.5725,0.43
726,V000081,-0.10465384615384613,0.03323999999999999,0.03321710526315786,-0.0018790322580645152,0.025492537313432855,0.04845454545454546
727,V000108,-0.07375000000000001,0.052165048543689314,0.024878787878787847,-0.018287878787878787,0.044093750000000015,0.04845454545454546
728,V000127,0.1971111111111111,0.07161538461538462,0.10733333333333331,0.19519999999999998,0.11061904761904758,0.1345
729,V000128,-0.08021874999999999,0.08116666666666669,0.025503875968992232,-0.013294871794871788,0.15555319148936173,-0.009857142857142858
730,V000129,-0.04693103448275862,0.061962616822429914,0.019260162601626014,-0.09307482993197282,-0.06283529411764704,-0.003666666666666667
731,V000130,-0.019571428571428576,0.04468695652173914,0.02407878787878786,-0.04585999999999997,0.031099999999999996,0.04845454545454546
732,V000131,0.007879999999999998,0.05917272727272727,0.01603954802259887,-0.04736538461538461,0.013746478873239449,0.04845454545454546
733,V000132,-0.06924999999999999,0.050798165137614704,0.012410714285714285,-0.059383647798742126,0.018746031746031747,0.06366666666666666
734,V000133,0.0,0.002818181818181821,0.3835,0.08499999999999999,0.5725,0.43
735,W000187,-0.004037037037037043,0.09716326530612247,0.02159748427672956,-0.007037313432835819,0.02698387096774194,0.03888888888888889
736,W000207,-0.06204347826086957,0.21960000000000002,-0.050021739130434784,-0.12695238095238093,0.38300000000000006,-0.013800000000000002
737,W000215,-0.11355,0.245125,0.004749999999999995,-0.09165625,0.20573333333333338,-0.011500000000000002
738,W000413,-0.12484210526315791,0.12797959183673469,0.03467441860465116,-0.09498412698412702,0.087,-0.017571428571428575
739,W000437,0.16849999999999998,-0.12860526315789475,0.10186666666666666,0.011095238095238076,0.06509375,0.13999999999999993
740,W000672,-0.10468421052631578,0.23532,0.013613636363636371,-0.19184375000000004,-0.009272727272727273,-0.0502
741,W000779,0.1797894736842105,-0.09837142857142857,0.23287499999999997,0.20825000000000005,0.09620689655172415,0.15119999999999997
742,W000791,-0.09360606060606061,0.04294915254237289,0.0270952380952381,-0.08622000000000003,-0.04508045977011493,0.0215
743,W000795,-0.01344736842105264,0.04646551724137934,0.042968749999999986,-0.09383221476510069,-0.0640595238095238,-0.003666666666666667
744,W000796,0.03367857142857142,0.013116279069767443,0.07782352941176471,-0.0953076923076923,0.03295121951219512,-0.025625000000000002
745,W000797,-0.06199999999999999,0.05245370370370371,0.01744736842105263,-0.022024000000000002,0.03439682539682542,0.0969
746,W000798,0.008333333333333337,0.04395726495726497,0.04483969465648854,-0.0892066666666667,-0.06229885057471264,0.0215
747,W000799,-0.11600000000000002,0.109710843373494,0.02891666666666665,-0.04223893805309734,0.04465517241379312,-0.036333333333333336
748,W000800,-0.1169655172413793,0.06133333333333332,0.025187499999999974,-0.011125925925925928,0.0021232876712328906,0.04845454545454546
749,W000802,0.1374444444444444,-0.14546153846153848,0.1674,0.20825000000000005,0.0765,0.15119999999999997
750,W000804,0.0423846153846154,0.01591071428571428,0.06378676470588235,-0.09616891891891895,-0.05619767441860464,-0.009947368421052632
751,W000805,0.20946666666666663,-0.139,0.1706101694915254,0.002187500000000009,0.059384615384615376,0.15119999999999997
752,W000806,-0.008499999999999988,0.022184466019417464,0.07077862595419848,-0.08951677852348996,-0.04221951219512196,0.04033333333333333
753,W000808,-0.15807142857142856,0.07434693877551021,0.017335443037974668,-0.02124193548387096,0.021192307692307715,0.0533
754,W000809,0.01038888888888889,0.03638983050847456,0.0320234375,-0.09137908496732028,-0.04508045977011493,0.0215
755,W000810,0.01319565217391303,0.012464285714285706,0.06658865248226946,-0.09237748344370862,-0.08534117647058825,0.0215
756,W000812,0.039825000000000006,0.045068376068376076,0.043,-0.09222818791946313,-0.0625609756097561,0.0215
757,W000813,-0.02463888888888889,0.04018103448275862,0.032715447154471534,-0.09090000000000002,-0.039738636363636365,0.0215
758,W000814,0.017657142857142843,0.0002870370370370332,0.004549180327868858,-0.11400699300699302,-0.09628395061728395,0.0215
759,W000815,0.04042105263157894,0.02727358490566037,0.06964925373134326,-0.10328275862068967,-0.05293181818181818,-0.009947368421052632
760,W000816,0.083,0.028570175438596485,0.07209677419354836,-0.10450000000000001,-0.043915662650602406,0.0215
761,W000817,0.10588888888888887,-0.04358620689655173,0.20069642857142858,0.28571428571428575,0.109,0.15119999999999997
762,W000818,0.0,0.161,0.2221428571428572,0.49700000000000005,0.3063333333333333,0.2564
763,W000819,0.013499999999999996,-0.021223529411764714,0.09394444444444443,-0.08848214285714286,-0.06766666666666667,0.012000000000000002
764,W000820,-0.019562500000000007,0.011424657534246579,0.03919736842105263,-0.07852727272727272,-0.06054901960784314,0.014230769230769233
765,W000821,-0.01566666666666667,-0.016935483870967747,0.07261797752808988,-0.08305172413793105,-0.0652,0.0454
766,W000822,-0.02033333333333333,0.021963414634146333,0.05170329670329667,0.024742268041237116,0.0027115384615384684,0.1204
767,W000823,0.0,0.05688888888888889,0.3835,0.118,0.8809999999999999,0.248
768,W000824,0.0,0.064,0.3835,0.0885,0.8809999999999999,0.248
769,W000825,0.0,0.026000000000000002,0.3835,0.08499999999999999,0.5725,0.43
770,W000826,0.39899999999999997,-0.04741176470588236,-0.05800000000000004,0.17477777777777778,0.026499999999999985,0.43
771,W000827,0.0,0.038375000000000006,0.3835,0.0885,0.8809999999999999,0.248
772,Y000031,0.05095833333333333,0.28128571428571425,0.02922222222222223,-0.23033333333333333,-0.12000000000000001,-0.06275
773,Y000033,-0.024441176470588234,0.033148148148148135,0.03793277310924369,-0.09272727272727276,-0.08173493975903616,0.0004444444444444441
774,Y000062,-0.13465384615384612,0.055905660377358495,0.023303797468354426,-0.015798507462686573,0.009731343283582107,0.04845454545454546
775,Y000063,0.11170967741935481,0.04866666666666669,0.04311538461538462,-0.09458783783783785,-0.06139080459770114,-0.003666666666666667
776,Y000064,-0.05131428571428572,0.015250000000000024,0.07179629629629633,-0.09704444444444445,0.07681818181818181,-0.007066666666666667
777,Y000065,-0.05093750000000001,-0.001117647058823532,0.03511538461538461,-0.10747517730496454,-0.06558666666666667,0.0215
778,Y000066,-0.04966666666666667,-0.019047058823529417,0.08048387096774193,-0.0668,-0.076890625,0.014230769230769233
779,Z000017,0.016277777777777783,-0.003714285714285719,0.05366666666666667,-0.07012605042016809,-0.054718750000000003,0.0454
780,Z000018,-0.0874,0.06752631578947368,0.06428571428571427,-0.0414468085106383,0.15996296296296297,0.011666666666666667
